Country,Year,Exports_USD,GDP_USD,High_Tech_Exports_USD,Imports_USD,Industry_Value_Added_USD,Labor_Force,Military_Exp_USD,Population,Researchers_per_Million,Unemployment_Rate,Trade_Balance_USD,GDP_per_Capita_USD,Trade_GDP_Ratio,Number_of_Unemployed
Argentina,1999,27862300000.0,283523000000.0,77093767722.50339,32762700000.0,74264967000.0,16410324,3461730865.43272,36653031,713.571044921875,14.05,-4900400000.0,7735.32,85.04,5149751
Argentina,1999,31223690400.0,284203750000.0,77093767722.50339,33070146000.0,73866930600.0,16588444,3266633316.65833,37070774,716.688354492188,15.0,-1846455600.0,7666.52,94.42,5560616
Argentina,1999,31112418400.0,268696750000.0,77093767722.50339,27603881800.0,67828286700.0,16651214,3183591795.89795,37480493,688.242736816406,17.32,3508536600.0,7168.98,112.71,6491621
Argentina,1999,27736610298.2555,97724004251.8602,77093767722.50339,13065823829.1753,29862244294.3788,16491672,1114172482.91036,37885028,692.160827636719,19.59,14670786469.0802,2579.49,212.28,7421677
Argentina,1999,33084505277.8061,127586973492.177,77093767722.50339,18772898618.6064,41650893934.7656,16951795,1374873734.32668,38278164,718.546325683594,15.36,14311606659.1997,3333.15,176.24,5879526
Argentina,1999,39266996605.7973,164657930452.787,77093767722.50339,27736672323.6712,47449347396.6465,17425150,1465809188.24616,38668796,766.083251953125,13.52,11530324282.126102,4258.16,141.57,5228795
Argentina,1999,46198180131.0044,198737095012.282,77093767722.50339,34392237786.5721,56891104939.9563,17545905,1699579151.82907,39070501,819.905700683594,11.51,11805942344.432304,5086.63,134.33,4495452
Argentina,1999,53550250227.3909,232557260817.308,77093767722.50339,40480743015.8524,67914347258.316,17877291,1847553129.83947,39476851,892.21337890625,10.08,13069507211.538498,5890.98,132.29,3978477
Argentina,1999,65162321195.025,287530508430.568,1202087337.0,52567536062.3157,78827167842.031,17924078,2296448241.88781,39876111,974.809265136719,8.47,12594785132.709305,7210.6,123.96,3377507
Argentina,1999,79762958392.3012,361558037110.419,2014770885.0,66316154417.0834,94990190458.2193,17966575,2788980204.56974,40273769,1036.21911621094,7.84,13446803975.217796,8977.51,120.28,3156255
Argentina,1999,65133480388.4946,332976484577.619,1607438723.0,48268743529.5373,84190456294.3594,18324357,2981852290.09382,40684338,1035.80163574219,8.64,16864736858.957298,8184.39,134.94,3517161
Argentina,1999,80208867995.7171,423627422092.49,1686223647.0,67937933972.3653,107003102712.487,18255867,3475348407.46349,40788453,1123.91479492188,7.71,12270934023.351799,10385.96,118.06,3146421
Argentina,1999,97809980730.5834,530158122010.442,1926288755.0,88838309449.3132,133667164135.528,18663922,4051930104.57065,41261490,1181.04553222656,7.18,8971671281.270203,12848.74,110.1,2962575
Argentina,1999,88655850853.7721,545982375701.128,1654528414.0,78013690406.706,133378346124.392,18835226,4563217858.77234,41733271,1203.98205566406,7.22,10642160447.066101,13082.66,113.64,3011890
Argentina,1999,80690471898.442,552025140252.246,1791005926.0,81240190816.9153,132518500700.684,18964106,5137974300.9699,42202935,1198.98364257812,7.1,-549718918.4732971,13080.25,99.32,2996408
Argentina,1999,75818867911.0825,526319673731.638,1509995248.0,73691675720.0984,127776703489.575,19049721,4979442724.4582,42669500,1207.83972167969,7.27,2127192190.9841003,12334.8,102.89,3101219
Argentina,1999,63671789068.8987,594749285413.212,1475175631.0,70064879911.7042,137702635919.615,19229476,5482616700.96393,43131966,1231.48657226562,7.63,-6393090842.805496,13789.06,90.88,3289963
Argentina,1999,69842604407.3878,557532320662.955,1333425811.0,75639254067.6608,122958775736.16,19404277,4509647660.05234,43590368,1260.70104980469,7.99,-5796649660.272995,12790.26,92.34,3481708
Argentina,2000,72860557902.7631,643628393281.364,1487360178.0,89910495566.9384,140195929699.173,19580710,5459643672.45401,44044811,1212.45727539062,8.35,-17049937664.175293,14613.04,81.04,3676420
Argentina,2000,75766598613.0197,524819892360.176,647172447.0,85681309473.2328,124485138945.759,20103008,3842852365.3176,44494502,1227.40417480469,9.22,-9914710860.213104,11795.16,88.43,4102838
Argentina,2000,80259482469.139,447754683615.225,561915855.0,65845624691.108,103690347876.497,20607477,3132654926.06745,44938712,1231.51708984375,9.84,14413857778.031006,9963.67,121.89,4423317
Argentina,2000,64053810078.3073,385740508436.965,546445789.0,52454091268.1886,86440113649.2014,19406591,2830929705.21542,45376763,1256.26721191406,11.46,11599718810.118698,8500.84,122.11,5200631
Argentina,2000,87805815481.4708,487902572164.348,466425814.0,72860619870.7238,116692842836.2,21191985,3073433322.80813,45808747,1283.79870605469,8.74,14945195610.746994,10650.86,120.51,4001852
Argentina,2000,102871975261.165,631133384439.944,663679612.0,96884984785.9956,152505208477.489,21511126,2577581833.22657,46234830,1036.6989440917987,6.8,5986990475.169388,13650.6,106.18,3146280
Argentina,2000,82760724361.7036,640591410663.883,1550944903.1,90018415643.8866,160573125827.585,21906419,6222277875.8675,46654581,789.5991821289075,6.14,-7257691282.182999,13730.51,91.94,2864125
Brazil,2000,57355149556.2405,599642024319.531,2438210194.2,68462738259.9027,130402419549.123,77242077,9866973918.50843,173486281,542.4994201660163,11.12,-11107588703.6622,3456.42,83.78,19300349
Brazil,2000,66777380518.3383,655448231983.527,3325475485.3,81614535020.0582,150796475063.449,79347235,11344032534.9018,175873720,295.399658203125,10.89,-14837154501.719894,3726.81,81.82,19147372
Brazil,2000,69279555096.2874,559983634798.981,4212740776.4,81559232850.0804,126777651308.801,81451849,10930231568.3746,178211881,337.668243408203,10.65,-12279677753.793,3142.24,84.94,18977783
Brazil,2000,72546876638.2809,509795273806.715,5100006067.5,68250204101.3395,114680118053.817,84252471,9664561903.32699,180476685,398.786346435547,10.64,4296672536.941399,2824.72,106.3,19204524
Brazil,2000,84744257516.308,558233745651.874,5987271358.6,72344866164.6317,128861660842.086,85732532,8392905884.03499,182629278,423.769348144531,11.17,12399391351.6763,3056.65,117.14,20397864
Brazil,2000,110739032053.055,669289424806.307,6874536649.7,87894373254.5582,162681659207.711,88065748,9780111585.16574,184722043,483.904205322266,10.07,22844658798.496796,3623.22,125.99,18605204
Brazil,2000,135919140236.363,891633839853.105,7761801940.8,105595891948.291,215530887943.181,90599379,13588619736.3611,186797334,509.993774414062,10.55,30323248288.072006,4773.27,128.72,19708987
Brazil,2000,159213742531.583,1107626541710.74,8649067231.900002,129231037310.712,260779832963.044,91731711,16404867307.489,188820682,544.226989746094,9.69,29982705220.871002,5866.02,123.2,18300500
Brazil,2000,186202879575.236,1397114486471.38,9536332523.0,167163857933.354,323088039698.869,92730992,20485758014.6477,190779453,556.047180175781,9.28,19039021641.88199,7323.19,111.39,17704333
Brazil,2000,229517035697.556,1695855083552.05,10794672124.0,232731840904.542,391493127643.806,93935308,24452903035.8224,192672317,591.601379394531,8.27,-3214805206.9859924,8801.76,98.62,15930147
Brazil,2000,180891970353.521,1666996438681.46,8460823303.0,187613855712.734,364715359892.929,95703669,25648809910.8246,194517549,626.438659667969,9.42,-6721885359.213013,8569.9,96.42,18321608
Brazil,2001,240003137741.747,2208837745214.23,8821366143.0,262997327803.632,513951866359.486,95367508,34002944470.0238,196353492,687.111022949219,8.5,-22994190061.88498,11249.29,91.26,16687102
Brazil,2001,303016626325.823,2616156223977.47,9144341214.0,323144804340.432,604385744209.36,94948394,36936209895.8053,198185302,738.616455078125,7.58,-20128178014.60901,13200.56,93.77,15018482
Brazil,2001,292808395453.514,2465227803011.57,9470908285.0,326315660071.406,545644828626.126,97188186,33987005074.0629,199977707,789.245910644531,7.25,-33507264617.89203,12327.51,89.73,14500384
Brazil,2001,290364173324.942,2472819535742.73,9066226856.0,347276016899.117,524851246864.114,98532617,32874787230.5887,201721767,839.210388183594,7.07,-56911843574.17499,12258.57,83.61,14263746
Brazil,2001,270458130850.098,2456043727198.85,8794610139.0,335826230156.841,502812637104.369,99628945,32660239369.4525,203459650,888.4638671875,6.76,-65368099306.74301,12071.4,80.54,13743699
Brazil,2001,232488824444.589,1802212206904.68,9433008382.0,253272712377.634,348909075885.568,101474161,24617701683.0655,205188205,1125.511669921875,8.54,-20783887933.045013,8783.22,91.79,17518969
Brazil,2001,223863343103.297,1795693482652.52,10375405524.0,216686387069.85,329595198167.566,102923211,24224746901.4667,206859578,1362.55947265625,11.58,7176956033.446991,8680.74,103.31,23954339
Brazil,2001,258330777006.501,2063514977334.32,10715074507.0,243510584262.84,375322469307.251,104715941,29261833096.6693,208504960,1599.607275390625,12.79,14820192743.66101,9896.72,106.09,26671954
Brazil,2001,280543266303.121,1916933898038.36,11062943508.0,272994464677.427,359406922854.817,106048382,28177406872.2637,210166592,1836.655078125,12.33,7548801625.69397,9121.02,102.77,25913541
Brazil,2001,264562979421.068,1873288205186.45,9391878589.0,276634813667.029,351328226218.421,107999623,25906871196.7546,211782878,2073.702880859375,11.94,-12071834245.960999,8845.32,95.64,25278404
Brazil,2001,242872071018.291,1476107231194.11,5944927304.0,233941246230.247,287931224095.225,101755860,19591209004.4634,213196304,2310.75068359375,13.7,8930824788.043976,6923.7,103.82,29201498
Brazil,2001,319251201403.084,1670647399034.67,6350114829.0,309853308958.678,369605262901.293,106047171,19187122475.4493,214326223,2547.7984863281254,13.16,9397892444.406006,7794.88,103.03,28203188
Brazil,2001,383177602116.201,1951923942083.32,7651750559.0,374482483050.831,445418441741.528,108750811,20210787436.7977,215313498,2784.8462890625,9.23,8695119065.369995,9065.5,102.32,19875589
Brazil,2001,393656923982.556,2173665655937.27,9939218183.1,342214686307.41,483927141907.504,108695239,14210782988.320034,216422446,3021.8940917968753,7.95,51442237675.14606,10043.62,115.03,17199092
Canada,2001,283991384532.544,678412196271.118,12226685807.2,259518745372.552,189085279666.151,16041716,8210778539.84237,30401286,3258.94189453125,7.58,24472639159.992004,22315.25,109.43,2305330
Canada,2001,329258635782.102,744773415931.587,14514153431.3,287155747087.738,219708437142.28,16308539,8299385230.72365,30685730,3534.27416992188,6.83,42102888694.36401,24271.0,114.66,2095529
Canada,2001,310667613636.364,738981792355.372,16801621055.4,268281895661.157,210222107438.017,16585639,8375571424.88184,31020855,3713.39404296875,7.22,42385717975.207,23822.1,115.8,2239396
Canada,2001,304705919836.87,760649334098.005,19089088679.5,271159115529.217,209734913655.77,17068215,8495399281.21734,31359199,3720.42211914062,7.66,33546804307.652985,24256.02,112.37,2403683
Canada,2002,330149882235.386,895540646634.787,21376556303.6,295296552708.586,249922203982.585,17462681,9958245601.51315,31642461,3915.01049804688,7.57,34853329526.79999,28301.86,111.8,2396600
Canada,2002,383240584166.026,1026690238278.25,23664023927.699997,337418139892.391,291488854727.133,17672719,11336489831.0556,31938807,4104.826171875,7.18,45822444273.63501,32145.54,113.58,2294803
Canada,2002,432369202838.752,1173108598778.68,25951491551.8,385981185014.029,342700115530.616,17818493,12988132963.6232,32242732,4263.78369140625,6.76,46388017824.72302,36383.66,112.02,2178964
Canada,2002,467052186177.715,1319264809590.97,28238959175.899998,430736071932.299,380575634696.756,18035508,14809892802.9902,32571193,4345.23291015625,6.48,36316114245.416016,40504.04,108.43,2111916
Canada,2002,502770691741.923,1468820407783.26,30526426800.0,470813704496.788,421344381342.519,18382520,17417139931.1051,32888886,4628.8720703125,6.16,31956987245.13495,44660.08,106.79,2024640
Canada,2002,534150890346.767,1552989690721.65,30127811741.0,506718837863.168,455678537956.888,18662676,19342058404.5584,33247298,4758.97998046875,6.28,27432052483.599,46710.25,105.41,2089260
Canada,2002,391985828011.548,1374625142157.29,25642281363.0,411817863703.963,344701250984.166,18788041,18936226051.964,33630069,4496.95947265625,8.46,-19832035692.41504,40874.88,95.18,2845104
Canada,2002,471736717163.276,1617343367486.26,26566354162.0,502035342676.986,426188304452.91,18985996,19315688825.0369,34005902,4696.43896484375,8.18,-30298625513.710022,47560.67,93.96,2781003
Canada,2002,550163771962.44,1793326630174.52,27498833323.0,570642753938.112,486697022204.677,19146747,21393720863.7223,34339221,4835.43359375,7.64,-20478981975.67212,52223.86,96.41,2622486
Canada,2002,554964544782.69,1828366481521.6,33106176422.0,589511490951.583,486979356756.42,19315804,20452107110.9741,34713395,4683.61279296875,7.39,-34546946168.89307,52670.34,94.14,2566014
Canada,2002,560108797442.998,1846597421834.98,32177506045.0,589048627265.353,491439314623.88,19521201,18515731209.9437,35080992,4678.26171875,7.14,-28939829822.35498,52638.12,95.09,2505835
Canada,2002,573083180253.852,1805749878439.94,28785442620.0,589434433378.268,490043362985.931,19584895,17853640477.6849,35434066,4595.6376953125,7.02,-16351253124.415894,50960.84,97.23,2488534
Canada,2002,495747450357.728,1556508816217.14,28241567521.0,534115083556.223,380032251381.957,19691006,17937641894.7407,35704498,4582.37939453125,6.94,-38367633198.494995,43594.19,92.82,2479677
Canada,2002,481357649980.237,1527994741907.43,26201901348.0,517396012626.09,355950967448.067,19878324,17782775543.0736,36110803,4428.1728515625,7.04,-36038362645.85303,42314.06,93.03,2541478
Canada,2002,518766780219.71,1649265644244.09,26937505963.0,554922650425.45,396282298083.287,20144897,22269696323.3229,36545075,4467.15625,6.43,-36155870205.73993,45129.63,93.48,2348387
Canada,2002,557719627178.031,1725329192783.02,30479680520.0,591347645767.306,424815832585.479,20348244,22729327580.3404,37072620,4758.1025390625,5.84,-33628018589.275024,46539.18,94.31,2163929
Canada,2002,564142104614.779,1743725183672.52,31536892938.0,589706748631.384,419843824725.777,20767967,22394875659.3821,37618495,4894.20751953125,5.69,-25564644016.60498,46352.87,95.66,2140492
Canada,2002,487990676642.934,1655684730000.19,25573108194.0,524572641557.224,371727999597.04,20482633,23082774049.217,38028638,5076.244140625,9.66,-36581964914.28998,43537.84,93.03,3672426
Canada,2003,626659601646.079,2007472181464.15,29239719472.0,626488133458.384,402855665629.58923,20967796,25362240829.3461,38239864,3913.296455383301,7.53,171468187.6949463,52496.84,100.03,2878315
Canada,2003,731555074343.765,2161483369422.01,30335008047.0,728719235183.076,433983331662.1385,21367763,26896315904.7337,38939056,2750.3487701416016,5.28,2835839160.688965,55509.39,100.39,2055982
Canada,2003,717707829049.981,2140085567791.45,61558905460.0,726063209302.504,465110997694.68774,22110473,23685115499.7502,40097761,1587.4010848999023,5.42,-8355380252.523071,53371.7,98.85,2171294
China,2003,198699399635.0,1094003874937.34,92782802873.0,168058444268.42,496238663727.237,722366758,20473915094.7667,1252735000,424.453399658203,3.1,30640955366.579987,873.29,118.23,38834785
China,2003,253092089737.0,1211331651866.09,124006700286.0,224306238158.48,551593230818.032,731993935,22237140151.2145,1262645000,551.807250976562,3.71,28785851578.51999,959.36,112.83,46806250
China,2003,272060010515.89,1339400897105.11,155230597699.0,243973790217.759,599963366713.914,739359562,26561462998.2924,1271850000,585.474548339844,3.6,28086220298.131012,1053.11,111.51,45786600
China,2003,333002310923.451,1470557654799.95,186454495112.0,295619639659.43,653671223470.172,747567965,30284127409.9972,1280400000,634.764343261719,4.0,37382671264.020996,1148.51,112.65,51216000
China,2003,447958253781.62,1660280543846.79,217678392525.0,412137124715.32,757466220411.966,755273046,33144000481.4458,1288400000,670.921508789062,4.3,35821129066.29999,1288.64,108.69,55401200
China,2003,607356934124.72,1955346768721.39,248902289938.0,556182551584.76,897508305660.605,762251057,37904571826.996,1296075000,716.477600097656,4.2,51174382539.95996,1508.67,109.2,54435150
China,2003,773339005396.99,2285961149879.85,280126187351.0,648712207879.781,1074917875730.22,769371812,42789953650.9024,1303720000,859.976135253906,4.2,124626797517.20898,1753.41,119.21,54756240
China,2003,991731387760.501,2752118657184.02,311350084764.0,782812463259.9,1308836011266.41,774287037,51453373233.8486,1311020000,934.930725097656,4.1,208918924500.60095,2099.22,126.69,53751820
China,2003,1258056795940.68,3550327802998.4,342573982177.0,950020767157.33,1664541695519.65,776045127,62136590754.5887,1317885000,1080.57360839844,4.0,308036028783.35,2693.96,132.42,52715400
China,2003,1497868782939.59,4594336785737.67,390966877665.0,1149036249785.66,2158013850478.98,776378230,78840802819.8629,1324655000,1201.11877441406,4.2,348832533153.9302,3468.33,130.36,55635510
China,2003,1262664161019.72,5101691124285.21,359238436559.0,1042533759652.94,2344591704077.16,775599063,96601666752.9542,1331260000,863.442993164062,4.3,220130401366.78003,3832.23,121.11,57244180
China,2003,1654823329662.59,6087191746679.49,474347228702.0,1432422435981.3,2830412139429.02,774058132,105522648101.838,1337705000,901.1259765625,4.1,222400893681.29004,4550.47,115.53,54845905
China,2003,2006308960971.16,7551545703440.75,540167515628.0,1825413639210.14,3513680559814.57,778323480,125286373164.011,1345035000,974.421875,4.1,180895321761.02002,5614.39,109.91,55146435
China,2003,2175069254660.16,8532185381680.59,593857571482.0,1943205232868.96,3875572922800.49,778937997,145127609596.207,1354190000,1031.2236328125,4.1,231864021791.19995,6300.58,111.93,55521790
China,2003,2354264539607.02,9570471111831.68,655897281624.0,2119392421425.71,4227918745809.63,779042510,164070469321.744,1363240000,1081.96459960938,4.05,234872118181.31006,7020.39,111.08,55211220
China,2004,2462825804847.21,10475624944355.2,653847619827.0,2241276198981.82,4513482520281.0,780062420,182109204619.08,1371860000,1104.08312988281,4.1,221549605865.39014,7636.07,109.88,56246260
China,2004,2362097053268.77,11061572618578.7,652212458371.0,2003260696070.09,4517694479123.13,780709584,196538827230.79,1379860000,1164.94030761719,4.03,358836357198.67993,8016.45,117.91,55654353
China,2004,2199974853564.98,11233313730348.7,594520851399.0,1944490534272.25,4446215389771.78,780524312,198538361427.554,1387790000,1210.74108886719,3.97,255484319292.72998,8094.39,113.14,55049003
China,2004,2424216052103.13,12310491333980.9,654156803837.0,2208518918635.89,4905939884031.9,778674707,210443034740.968,1396215000,1237.74194335938,3.9,215697133467.23975,8817.05,109.77,54452385
China,2004,2655609176082.54,13894907857880.6,731318634577.0,2564121910991.73,5514473724406.01,776278514,232530595985.266,1402760000,1319.35595703125,4.93,91487265090.81006,9905.41,103.57,69156068
China,2004,2628941104664.36,14279968506271.7,715302940183.0,2496153305898.83,5510269346511.52,775321104,240332555458.151,1407745000,1485.81750488281,5.15,132787798765.52979,10143.86,105.32,72498868
China,2004,2729884575161.69,14687744162801.0,757458883661.0,2374737462771.46,5558256838203.64,763684716,257973429833.565,1411100000,1601.92211914062,5.61,355147112390.23,10408.72,114.96,79162710
China,2004,3554107780955.9,17820459508852.2,942314815525.0,3093278397248.66,7001796115584.26,780370660,285930518056.053,1412360000,1687.05676269531,5.11,460829383707.23975,12617.51,114.9,72171596
China,2004,3717887818650.36,17881783387000.9,769699283036.0,3140040863531.48,7032489070317.19,781808304,291958428460.21,1412175000,1588.8099753639892,6.06,577846955118.8799,12662.58,118.4,85530732
China,2004,3513236885528.64,17794781986104.5,699735952817.3636,3127201616052.47,6812381934608.11,779245529,147203203627.05664,1410710000,1490.5631880326684,7.0,386035269476.1699,12614.06,112.34,98796724
"Egypt, Arab Rep.",2004,13653789442.6423,90710704806.8416,629772622598.7273,21144205249.189,25762606900.6193,20736023,2447978793.90325,69907887,1392.3164007013474,7.95,-7490415806.5467,1297.57,64.57,5557677
"Egypt, Arab Rep.",2004,16174959635.99,99838543960.0763,559809292380.0908,22779979451.0495,30702216351.0935,20772661,2627698333.83736,71371371,1294.0696133700267,8.98,-6605019815.0595,1398.86,71.01,6409149
"Egypt, Arab Rep.",2004,16900269541.779,96684636118.5984,489845962161.4545,21590296495.9569,29874447439.3531,20792031,2834256229.54946,72854261,1195.822826038706,9.26,-4690026954.177902,1327.1,78.28,6746305
"Egypt, Arab Rep.",2004,15595505617.9775,85146067415.7303,419882631942.8182,19303370786.5169,27743573033.7079,20589710,2902768425.24007,74393759,1097.5760387073851,10.01,-3707865168.539398,1144.53,80.79,7446815
"Egypt, Arab Rep.",2004,17500000000.0,80288461538.4615,349919301724.18176,19576923076.9231,26792730769.2308,21665373,2383914898.27171,75963322,999.3292513760642,10.91,-2076923076.9230995,1056.94,89.39,8287598
"Egypt, Arab Rep.",2004,22240259740.2597,78782467532.4675,279955971505.5454,23311688311.6883,27312240259.7403,22756745,2369743586.43306,77522427,901.0824640447435,10.32,-1071428571.4286003,1016.25,95.4,8000314
"Egypt, Arab Rep.",2004,27188019966.7221,89600665557.4043,209992641286.90906,29217970049.9168,30597487520.7987,23853891,2659439713.57524,79075310,802.8356767134227,11.05,-2029950083.1947021,1133.11,93.05,8737031
"Egypt, Arab Rep.",2004,32173913043.4783,107426086956.522,140029311068.2727,33913043478.2609,38839617391.3043,24954020,2952520159.00453,80629670,704.5888893821018,10.49,-1739130434.7826004,1332.34,94.87,8458052
"Egypt, Arab Rep.",2005,39457092819.6147,130437828371.278,70065980849.63635,45429071803.8529,45738528896.6725,26081669,3306908257.22261,82218755,606.342102050781,8.8,-5971978984.238197,1586.47,86.85,7235250
"Egypt, Arab Rep.",2005,53800000000.0,162818181818.182,102650631.0,62909090909.0909,58960618181.8182,26485023,3779880349.74689,83844783,420.694030761719,8.52,-9109090909.090897,1941.9,85.52,7141060
"Egypt, Arab Rep.",2005,47205081669.6915,189147005444.646,86522520.0,59764065335.7532,67745735027.2232,27281764,4017404478.27146,85501064,415.26904296875,9.09,-12558983666.061699,2212.22,78.99,7769482
"Egypt, Arab Rep.",2005,46751361161.5245,218983666061.706,104581857.0,58221415607.9855,78362250453.7205,28739910,4407286452.71917,87252413,472.001403808594,8.76,-11470054446.460999,2509.77,80.3,7640694
"Egypt, Arab Rep.",2005,48537005163.5112,235989672977.625,133427058.0,58261617900.1721,84842340791.7384,29061496,4463974191.06902,89200054,471.479400634766,11.85,-9724612736.660896,2645.62,83.31,10569314
"Egypt, Arab Rep.",2005,45766666666.6667,279116666666.667,78780352.0,67866666666.6667,109556926950.0,29544119,4557748767.35039,91240376,495.296569824219,12.6,-22100000000.0,3059.14,67.44,11493550
"Egypt, Arab Rep.",2005,49085271317.8295,288434108527.132,72676207.0,67364341085.2713,115047589984.496,30181706,4359834243.76995,93377890,516.572265625,13.15,-18279069767.441803,3088.89,72.87,12282928
"Egypt, Arab Rep.",2005,43529411764.7059,305595408895.265,168393198.0,69296987087.5179,121903028852.224,30655760,5085121576.27973,95592324,646.059020996094,13.1,-25767575322.811996,3196.86,62.82,12527374
"Egypt, Arab Rep.",2005,43423180592.9919,329366576819.407,89647031.0,71347708894.8787,120647640889.488,30540697,5475490833.44169,97723799,643.476501464844,13.05,-27924528301.886795,3370.38,60.86,12754910
"Egypt, Arab Rep.",2005,34392638036.8098,332441717791.411,56095790.0,66159509202.454,107897129668.712,30927659,4513022526.81632,99784030,659.064758300781,12.45,-31766871165.644203,3331.61,51.98,12423112
"Egypt, Arab Rep.",2005,37289402173.913,248362771739.13,73845752.0,69089673913.0435,85426531358.6956,30428646,2765588434.01207,101789386,647.85693359375,11.77,-31800271739.1305,2439.97,53.97,11977557
"Egypt, Arab Rep.",2005,47225661226.7867,262588632526.73,125216603.0,73331457512.6618,92772235706.2465,29899860,3119587363.84249,103740765,657.591796875,9.86,-26105796285.875107,2531.2,64.4,10223652
"Egypt, Arab Rep.",2005,53041002277.9043,318678815489.749,326793593.0,78012528473.8041,114168038063.781,29708924,3743671451.54565,105618671,791.011169433594,7.85,-24971526195.899796,3017.26,67.99,8292122
"Egypt, Arab Rep.",2005,47872738615.0967,383817841547.099,343563046.0,75433562071.1167,124239701650.306,29873073,4505374644.32501,107465134,804.910705566406,7.97,-27560823456.019997,3571.56,63.46,8569270
"Egypt, Arab Rep.",2005,44850223072.0204,424671765455.704,526183188.0,81943913320.5864,132445083425.271,31447172,5165445626.55285,109262178,821.704528808594,7.44,-37093690248.565994,3886.72,54.73,8130199
"Egypt, Arab Rep.",2005,71927051671.7325,476747720364.742,638950944.0,104389057750.76,155951003834.791,32614163,4645922047.5088,110990103,841.402221679688,7.34,-32462006079.027496,4295.41,68.9,8151113
"Egypt, Arab Rep.",2005,75645997561.7681,395926075163.006,581623924.5454545,84507686602.5298,129604323100.523,33430910,2674813458.517848,112716598,738.8586189746861,5.53,-8861689040.761703,3512.58,89.51,6232101
Ethiopia,2005,70237221647.0148,7892973531.80045,524296905.0909091,78782468011.03915,939100573.832696,27260674,703704869.526897,65077579,636.3150162696842,3.71,-8545246364.024353,121.29,89.15,2416981
Ethiopia,2006,64828445732.2615,8242349617.8638,466969885.6363636,73057249419.54851,940490592.82472,28200766,617541613.6279,67031867,533.7714135646822,3.51,-8228803687.28701,122.96,88.74,2353601
Ethiopia,2006,59419669817.508194,8231326016.47494,409642866.1818182,67332030828.05786,981826760.969284,29203262,349808276.450815,69018932,431.2278108596804,3.31,-7912361010.549667,119.26,88.25,2283376
Ethiopia,2006,54010893902.7549,7850809498.16803,352315846.72727275,61606812236.567215,1000215084.22396,30286922,288932333.459776,71073215,328.6842081546786,3.11,-7595918333.812317,110.46,87.67,2207179
Ethiopia,2006,48602117988.001595,8623691300.04079,294988827.27272725,55881593645.07657,1112413250.97605,31429893,278673159.931532,73168838,226.14060544967663,2.9,-7279475657.074974,117.86,86.97,2123847
Ethiopia,2006,43193342073.24829,10131187261.4421,237661807.8181818,50156375053.58592,1285195846.62683,32612712,311038748.989645,75301026,123.59700274467468,2.7,-6963032980.337631,134.54,86.12,2033002
Ethiopia,2006,37784566158.494995,12401139453.9738,180334788.36363637,44431156462.095276,1461949685.60729,33834090,342066638.665934,77469940,21.0534000396729,2.5,-6646590303.600281,160.08,85.04,1934424
Ethiopia,2006,32375790243.74169,15280861834.6024,123007768.90909094,38705937870.60463,1771405798.9379,34936337,345687017.021091,79691050,20.5181102752686,2.47,-6330147626.862938,191.75,83.65,1965381
Ethiopia,2006,26967014328.988388,19707616772.7996,65680749.4545455,32980719279.113983,2284013588.81055,36102315,360140308.612027,81996185,19.9828205108643,2.44,-6013704950.125595,240.35,81.77,1997017
Ethiopia,2006,21558238414.235092,27066912635.2228,8353730.0,27255500687.623337,2762680333.1891,37315620,388187596.747412,84357105,27.345616658528666,2.4,-5697262273.388245,320.86,79.1,2028577
Ethiopia,2006,16149462499.481789,32437389116.038,6989321.0,21530282096.13269,3141068231.11623,38592273,339627767.966309,86755585,34.70841280619303,2.37,-5380819596.650902,373.89,75.01,2059578
Ethiopia,2006,10740686584.728485,29933790334.3418,9180496.0,15805063504.642044,2824291474.67225,39960419,303617033.089052,89237791,42.0712089538574,2.34,-5064376919.913559,335.44,67.96,2091065
Ethiopia,2006,5331910669.97519,31952763089.33,5739492.0,10079844913.1514,3088120223.32506,41421329,332441772.391593,91817929,42.89769236246743,2.31,-4747934243.176209,348.0,52.9,2123290
Ethiopia,2006,5962716169.22631,43310721414.0829,8248200.0,13699443639.5248,4104183714.86526,42951638,366539017.667525,94451280,43.72417577107747,2.28,-7736727470.29849,458.55,43.53,2155142
Ethiopia,2006,5948445900.95456,47648276605.0123,5593277.0,13812145920.3289,5214892788.48862,44510242,345064165.844028,97084366,44.5506591796875,2.25,-7863700019.374339,490.79,43.07,2185369
Ethiopia,2006,6474164234.1889,55612228233.5179,24227835.0,16182860468.0423,7491703730.49824,46082642,414476025.830071,99746766,55.9731502532959,2.46,-9708696233.8534,557.53,40.01,2455267
Ethiopia,2006,6047701382.62093,64589328550.5953,15626132.0,19565922931.7937,10526635479.7433,47688580,442532624.456259,102471895,67.3956413269043,2.67,-13518221549.172771,630.31,30.91,2738049
Ethiopia,2006,5804121546.5048,74296745207.8721,10502624.0,20124738792.9724,16295184314.653,49358568,490177248.532075,105293228,78.8181324005127,2.88,-14320617246.467602,705.62,28.84,3035077
Ethiopia,2006,6238602381.7425,81770886825.6048,7925744.0,19195112769.1069,19283133813.7603,51076894,513827452.373392,108197950,90.2406234741211,3.09,-12956510387.364399,755.75,32.5,3346563
Ethiopia,2007,7055586688.75777,84269196625.8784,9903650.0,19235875928.3992,23010295827.2151,52785396,516977076.1594,111129438,471.06014796665806,3.3,-12180289239.64143,758.3,36.68,3671161
Ethiopia,2007,7615438618.00348,95912607722.3032,44073889.0,20022068000.8819,23807779977.2904,54494384,535978018.203675,114120594,851.879672459195,3.51,-12406629382.878422,840.45,38.04,4010198
Ethiopia,2007,7672983060.57996,107657734392.446,43185591.0,18171455003.6686,24871407184.1006,55776848,504066088.251296,117190911,1232.6991969517321,3.72,-10498471943.088638,918.65,42.23,4364775
Ethiopia,2007,8491174951.53881,111261882958.426,24782074.0,18595574210.7915,24310751875.2496,57984973,487848610.127681,120283026,1613.518721444269,3.94,-10104399259.25269,925.0,45.66,4733137
Ethiopia,2007,10451093940.5472,126772703047.701,9014081.0,23264741856.6496,28799624072.5972,59751802,1031400405.93933,123379924,1994.3382459368058,6.62,-12813647916.102402,1027.5,44.92,8164050
Ethiopia,2007,10792608749.6624,163697927593.982,8585244066.8,22905283373.3089,40067812071.2805,61664369,16852057345.394064,126527060,2375.157770429343,9.3,-12112674623.6465,1293.78,47.12,11765751
France,2007,389362241255.599,1493151737698.46,17161474052.6,353643809381.468,316573972971.429,27398160,32672714284.8488,60504420,2755.97729492188,11.98,35718431874.13098,24678.39,110.1,7249035
France,2007,390504309338.04,1365639660792.16,25737704038.4,372359017200.001,290798487446.275,27582517,28403138948.7059,60921384,2941.6220703125,10.22,18145292138.039,22416.43,104.87,6224947
France,2007,389407179769.292,1377657339291.34,34313934024.2,367744588386.221,288458984459.055,27705599,27951566384.416,61367388,3014.6865234375,8.61,21662591383.070984,22449.34,105.89,5283732
France,2007,413353771803.138,1501409382971.38,42890164010.0,383474587651.373,310032821966.275,28039182,30578398932.8217,61816234,3149.32836914062,8.7,29879184151.765015,24288.27,107.79,5379249
France,2007,481646963819.999,1844544792036.86,51466393995.8,455341828900.391,372447001881.96,28620674,38569115812.9361,62256970,3237.33740234375,8.31,26305134919.608032,29627.92,105.78,5171686
France,2007,561042237466.411,2119633181634.37,60042623981.6,539577459091.121,423027543732.434,28778198,44524579612.5999,62716306,3378.3291015625,8.91,21464778375.29004,33797.16,103.98,5590532
France,2007,593901326045.136,2196945232435.8,68618853967.4,592025237914.397,430812288149.416,28867248,44442050523.1392,63188395,3357.6337890625,8.88,1876088130.7390137,34768.18,100.32,5612393
France,2007,648243071809.411,2320536221304.7,77195083953.2,653657213936.47,447494165107.058,29052914,45792148415.5244,63628261,3468.92919921875,8.83,-5414142127.05896,36470.21,99.17,5620284
France,2007,741061331101.179,2660591246211.77,85771313939.0,760064379592.944,509150407783.139,29300012,50684467384.4229,64021737,3629.13891601562,8.01,-19003048491.765015,41557.62,97.5,5127501
France,2007,823983397589.844,2930303780828.12,98755787407.0,857925492297.656,551302392172.656,29512889,55365965844.831,64379696,3700.3896484375,7.39,-33942094707.81201,45515.96,96.04,4755084
France,2007,670780157110.546,2700887366932.03,87885947635.0,692153802943.359,494393182475.39,29790243,56441455398.191,64710879,3785.36303710938,9.12,-21373645832.81299,41737.76,96.91,5902926
France,2007,708600861200.001,2645187882116.67,105238742390.0,742755299683.335,472053236366.668,29884514,52044060565.0524,65030575,3910.74584960938,9.28,-34154438483.333984,40676.06,95.4,6034187
France,2008,814316094241.247,2865157541994.17,111877556068.0,870126540107.006,515102785029.184,29908458,54120871009.5016,65345233,3980.53857421875,9.23,-55810445865.75903,43846.47,93.59,6030058
France,2008,783713381111.719,2683671716967.19,114060869490.0,818493895248.047,479533239101.953,30175391,50216507403.1664,65662240,4114.0244140625,9.84,-34780514136.328,40870.85,95.75,6461821
France,2008,825700281806.669,2811876903329.03,118708423591.0,854791379337.649,505344929567.452,30427131,52001462447.6638,66002289,4199.83740234375,9.91,-29091097530.980103,42602.72,96.6,6542807
France,2008,847269974207.056,2855964488590.19,120586813434.0,879982977519.997,506817735212.547,30406445,53134750898.8024,66312067,4282.45703125,10.27,-32713003312.940918,43068.55,96.28,6812239
France,2008,746211770692.968,2439188643162.5,109607526938.0,760028534719.922,431241032276.562,30521969,45647471640.5013,66548272,4386.236328125,10.35,-13816764026.95398,36652.92,98.18,6890408
France,2008,748010809661.091,2472964344587.17,108744117954.0,762973925940.469,431139869354.476,30573605,47370589552.6306,66724104,4467.42822265625,10.06,-14963116279.378052,37062.53,98.04,6710443
France,2008,803163777629.413,2595151045197.65,108779749957.0,830791260481.178,447433953245.883,30547530,49195662250.3198,66918020,4624.69677734375,9.41,-27627482851.765015,38781.05,96.67,6296986
France,2008,885114776507.45,2790956878746.66,117574883771.0,913320694019.607,479720255245.49,30691326,51409812838.5917,67158348,4756.583984375,9.02,-28205917512.157104,41557.85,96.91,6056340
France,2008,862106200525.489,2728870246705.88,120534304793.0,888231377160.783,475496798039.215,30652293,50118929211.9346,67388001,4870.4560546875,8.41,-26125176635.293945,40494.9,97.06,5670700
France,2008,723479579565.761,2647418691598.45,87120395046.0,779781852364.204,444391955716.733,30379167,52747064858.0873,67571107,4986.18017578125,8.01,-56302272798.44299,39179.74,92.78,5412446
France,2008,888842353166.652,2959355819170.5,97528027435.0,944547056290.682,485205019325.574,31271173,56646996215.7048,67764304,5175.00537109375,7.87,-55704703124.03003,43671.31,94.1,5335761
France,2008,963967041638.136,2779092236505.85,95753974734.0,1071713925243.19,467501995947.473,31616935,53638748769.4262,67971311,4491.01611328125,7.31,-107746883605.05396,40886.25,89.95,4967343
France,2008,990482069684.331,3030904089607.9,103127928960.6,1057715352939.23,565289400968.637,31825317,42164453597.50375,68170228,3807.02685546875,7.34,-67233283254.898926,44460.82,93.64,5000286
Germany,2008,591740399389.963,2194945278872.59,110501883187.2,579610797636.681,606999120794.21,40025495,30690158425.5813,82100243,3123.03759765625,8.85,12129601753.281982,26734.94,102.09,7269156
Germany,2008,600907866067.452,1947981991011.77,117875837413.8,597608722042.354,539832139038.432,39865801,26497593164.3887,82211508,3161.70849609375,7.92,3299144025.0980225,23694.76,100.55,6508685
Germany,2008,619631436716.93,1945790973803.15,125249791640.4,587981680472.048,526709873232.678,40029198,25815401959.2283,82349925,3242.32666015625,7.77,31649756244.88208,23628.33,105.38,6401060
Germany,2008,677431710710.589,2078484517474.51,132623745867.0,589090539832.942,548277686693.334,40056637,27611355672.4383,82488495,3262.001953125,8.48,88341170877.64697,25197.27,115.0,6996674
Germany,2008,820831063210.194,2501640388482.35,139997700093.6,726416498758.038,655099098353.332,40236914,32997363017.1296,82534176,3303.97729492188,9.78,94414564452.156,30310.36,113.0,8071017
Germany,2009,1005100437665.64,2814353869359.08,147371654320.2,858739159387.261,743125902472.975,40039826,35776573894.1079,82516260,3323.9169921875,10.73,146361278278.37903,34106.66,117.04,8851519
Germany,2009,1083504344105.84,2846864211175.1,154745608546.8,935455113512.84,750242418303.502,41239999,30324965179.3265,82469422,3349.95922851562,11.19,148049230593.0,34520.24,115.83,9230802
Germany,2009,1240792802202.35,2994703642023.53,162119562773.4,1078597057376.47,807803314704.705,41693116,35883657972.6799,82376451,3446.71459960938,10.28,162195744825.88013,36353.88,115.04,8465828
Germany,2009,1484055036237.65,3425578382921.58,169493517000.0,1252105739534.51,933007744317.65,41861246,40110859276.4132,82266372,3583.2353515625,8.73,231949296703.1399,41640.08,118.52,7183500
Germany,2009,1640395346026.56,3745264093617.19,183022564975.0,1412923892963.28,1005554043228.91,41917490,45098956311.5685,82110097,3727.23608398438,7.51,227471453063.28003,45612.71,116.1,6164826
Germany,2009,1300369599738.28,3411261212652.34,158680284909.0,1129427855678.12,843802916544.14,41978630,44528927835.6531,81902307,3905.90356445312,7.88,170941744060.1599,41650.37,115.14,6453902
Germany,2009,1447084701783.34,3399667820000.01,179569601140.0,1268183214766.67,912773159316.668,41949335,43025915011.688,81776930,4035.21362304688,7.04,178901487016.67017,41572.46,114.11,5759549
Germany,2009,1689333965107.01,3749314991050.59,202276358704.0,1505311912850.2,1014901022052.53,41729225,45163212878.2034,80274983,4162.4990234375,5.97,184022052256.81006,46705.9,112.22,4790008
Germany,2009,1633318434049.22,3527143188785.16,202764810815.0,1418156159958.98,962345258894.531,41853628,43798225349.2896,80425823,4325.220703125,5.37,215162274090.24,43855.85,115.17,4320475
Germany,2009,1695844705677.65,3733804649549.03,209260620547.0,1480834348190.98,1000010461981.57,42212988,44242647302.8936,80645605,4343.3173828125,5.32,215010357486.66992,46298.92,114.52,4287120
Germany,2009,1774175599429.01,3889093051023.52,215614575271.0,1516778572468.23,1050482768178.82,42458390,44662831167.6836,80982500,4304.865234375,4.98,257397026960.78003,48023.87,116.97,4032929
Germany,2009,1575404010475.78,3357585719351.56,199429949286.0,1320386910617.19,910234389852.734,42660629,38170021071.3098,81686611,4733.3583984375,4.61,255017099858.5901,41103.26,119.31,3767386
Germany,2009,1598674707103.9,3469853463945.53,205076595195.0,1342707789871.99,956586777019.847,43567225,39909678594.2478,82348669,4862.625,4.1,255966917231.9099,42136.12,119.06,3379589
Germany,2009,1740716687374.12,3690849152517.65,195686923998.0,1479076878497.65,1013592879414.12,43819028,42281112684.641,82657002,5087.25439453125,3.78,261639808876.4702,44652.59,117.69,3125261
Germany,2009,1880263808511.37,3974443355019.6,209722667086.0,1637908324009.41,1085272394465.1,43935038,46497675955.7617,82905782,5239.9716796875,3.38,242355484501.9602,47939.28,114.8,2805532
Germany,2009,1832875313819.6,3889177589254.9,208148360615.0,1601983696172.55,1049732367317.65,44433744,49079444693.2378,83092962,5428.21533203125,3.16,230891617647.05005,46805.14,114.41,2628230
Germany,2009,1690266347671.6,3887727161914.41,182351776932.0,1464521566502.73,1038309946252.14,43501190,53318705117.9756,83160871,5413.82421875,3.88,225744781168.87012,46749.48,115.41,3227473
Germany,2009,2022856127949.58,4278503934689.85,211891202239.0,1791904793081.37,1156654972538.74,43386527,56513126773.8884,83196078,5535.9541015625,3.59,230951334868.20996,51426.75,112.89,2990067
Germany,2010,2078953894568.1,4082469490797.68,223370841889.0,1998630503597.28,1098273917994.17,44198105,55759747827.0381,83797985,4179.569076538086,3.12,80323390970.82007,48717.99,104.02,2614497
Germany,2010,2100384852927.49,4456081016705.96,205691195387.66666,1914924576678.47,1251350020011.79,44783712,34827655144.212555,84482267,2823.184051513672,3.07,185460276249.02002,52745.76,109.68,2591916
India,2010,52544483402.6936,458821052615.79,188011548886.33334,61314704757.0345,121676100889.507,380920030,13895562461.387,1040500054,1466.7990264892578,2.9,-8770221354.340897,440.96,85.7,30169299
India,2010,60878472821.2004,468395521654.458,170331902385.0,65124245375.0531,127992956375.623,393669897,14287514240.7035,1059633675,110.414001464844,2.73,-4245772553.8526993,442.04,93.48,28938596
India,2010,60963415576.6447,485440139204.171,152652255883.6667,65218276482.1322,128582303210.953,399564197,14600642346.0997,1078970907,115.36013793945341,2.95,-4254860905.487503,449.91,93.48,31782167
India,2010,73452895951.6331,514939140318.756,134972609382.33334,78498759285.7313,142435534742.107,405389781,14749667251.5907,1098313039,120.3062744140628,3.16,-5045863334.09819,468.85,93.57,34708889
India,2010,90838575243.7621,607700687237.318,117292962881.0,95071869378.5573,166960337787.842,411069163,16333986643.282,1117415123,125.2524108886722,3.37,-4233294134.7951965,543.85,95.55,37710526
India,2010,126648472020.752,709152728830.775,99613316379.66667,139310848797.436,207208089703.95,416629768,20238566526.5411,1136264583,130.1985473632816,3.59,-12662376776.684006,624.11,90.91,40785081
India,2010,160838260680.778,820383763511.445,81933669878.33334,183736617243.328,242290206180.526,421959547,23072312925.1701,1154638713,135.144683837891,3.8,-22898356562.549988,710.51,87.54,43922457
India,2010,199973922363.783,940259888787.721,64254023377.0,229955027127.372,290796431898.695,431250073,23951927958.1522,1172373788,139.4153625488284,3.67,-29981104763.58902,802.01,86.96,42981568
India,2010,253077526013.168,1216736438834.96,46574376875.66669,302803952552.5,376010960580.956,440568412,28254773450.0647,1189691809,143.6860412597658,3.53,-49726426539.332,1022.73,83.58,41977086
India,2010,288902044820.698,1198895139005.92,28894730374.333344,350926955799.106,373296613425.728,449860965,33002376727.3797,1206734806,147.9567199707032,3.39,-62024910978.40802,993.5,82.33,40915550
India,2010,273752124889.211,1341888016994.9,11215083873.0,347177967968.316,417613963090.951,459168942,38722154392.1843,1223640160,152.2273986816406,3.25,-73425843079.10498,1096.64,78.85,39802567
India,2010,375353514026.267,1675615519484.96,10659474981.0,449974370198.802,514834179172.009,468646281,46090445656.5003,1240613620,156.498077392578,3.12,-74620856172.53497,1350.63,83.42,38645114
India,2010,447384417625.093,1823051829895.13,14503888164.0,566667744819.908,549863054847.047,472419461,49633815793.7027,1257621191,168.2360107421874,3.17,-119283327194.81494,1449.6,78.95,39847727
India,2010,448400477361.254,1827637590410.95,13873821378.0,571306554042.386,537298543208.979,476025371,47216920048.2061,1274487215,179.9739440917968,3.22,-122906076681.13196,1434.02,78.49,41063978
India,2010,472180271340.149,1856721507621.46,17938424107.0,527555307105.956,527399879349.283,483634725,47403528801.4226,1291132063,191.71187744140622,3.96,-55375035765.80701,1438.06,89.5,51133133
India,2010,468345815420.933,2039126479155.27,18326340971.0,529239428328.665,563949000104.328,490933119,50914096277.083,1307246509,203.4498107910156,4.7,-60893612907.731995,1559.86,88.49,61423156
India,2011,416787940847.812,2103588360044.39,14583513323.0,465097595426.184,575276543905.867,497800426,51295483753.9436,1322866505,215.187744140625,5.44,-48309654578.37201,1590.17,89.61,71924252
India,2011,439642578076.358,2294796885663.67,14261348931.0,480169055768.282,610851981617.316,504122684,56637622640.8741,1338636340,227.12982177734366,6.18,-40526477691.92401,1714.28,91.56,82665256
India,2011,498258808231.521,2651474262755.59,15101761889.0,582018012521.568,702641121007.338,510055221,64559435280.6927,1354195680,239.07189941406233,6.91,-83759204290.047,1957.97,85.61,93624575
India,2011,538635186135.438,2702929641648.14,20182210999.0,640300806738.542,713900260981.731,515366255,66257801718.275,1369003306,251.013977050781,7.65,-101665620603.104,1974.38,84.12,104756133
India,2011,529245063167.215,2835606256558.84,23470537791.0,602315056052.526,697317412399.622,520273563,71468900524.3041,1383112050,255.6986236572265,6.51,-73069992885.31097,2050.16,87.87,90040594
India,2011,499728529072.629,2674851578586.86,21583196861.0,510244747372.174,672000442587.85,520521842,72937064047.7993,1396387127,260.383270263672,7.86,-10516218299.544983,1915.55,97.94,109742064
India,2011,677769255428.552,3167270623260.52,27446653652.0,760902891806.013,838266427187.004,535026237,76348538793.9209,1407563842,301.6715753728694,6.38,-83133636377.46094,2250.18,89.07,89802573
India,2011,778021514754.531,3353470496885.95,35219086846.0,897550749081.828,847893585862.727,554145127,81363188268.8034,1417173173,342.95988048206686,4.82,-119529234327.297,2366.31,86.68,68336090
India,2011,777135587444.319,3549918918777.53,32750523078.57143,850641682919.727,887788762594.144,593729164,44006736706.400566,1428627663,384.24818559126436,4.17,-73506095475.40808,2484.85,91.36,59602346
"Iran, Islamic Rep.",2011,21963669399.3289,113848450088.686,30281959311.142857,17752833899.8082,42646361332.6942,18444413,6650285143.99772,64474745,425.5364907004618,6.33,4210835499.5206985,1765.78,123.72,4080607
"Iran, Islamic Rep.",2011,23526115004.3622,109591707801.431,27813395543.714287,21688407084.2785,44171935290.5252,19362019,8327053824.36261,65544383,466.82479580965924,8.49,1837707920.083702,1672.02,108.47,5562096
"Iran, Islamic Rep.",2011,24491811634.3014,126878750295.583,25344831776.285713,26939208540.9864,50646523150.0258,20310914,10378791765.7186,66674851,508.11310091885673,10.64,-2447396906.6850014,1902.95,90.92,7096204
"Iran, Islamic Rep.",2011,31402849782.6087,128626917504.398,22876268008.857143,30560192008.0422,58529022509.4245,21067246,3243891033.23266,67327117,549.4014060280542,12.8,842657774.5665016,1910.48,102.76,8617871
"Iran, Islamic Rep.",2011,37814191932.73,153544751396.211,20407704241.428574,40000915039.1775,69187187522.0286,21807454,3717068449.78392,67954699,590.6897111372516,11.55,-2186723106.4474945,2259.52,94.53,7848768
"Iran, Islamic Rep.",2011,48018138115.1704,190043433963.866,17939140474.0,49500478448.4699,90214516019.8887,22728486,5243621132.59941,69061674,631.978016246449,10.3,-1482340333.2994995,2751.79,97.01,7113352
"Iran, Islamic Rep.",2011,68684788609.4168,226452138295.726,15470576706.57143,54596877011.5624,112404611872.997,23637285,6796744965.39476,70182594,673.2663213556465,11.81,14087911597.8544,3226.61,125.8,8290670
"Iran, Islamic Rep.",2011,79540915796.1282,266298911663.707,13002012939.14286,62043181819.3961,128515590801.465,23912566,8751474767.03588,71275760,714.554626464844,11.52,17497733976.7321,3736.18,128.2,8210255
"Iran, Islamic Rep.",2011,100918493002.129,349881601462.439,10533449171.714287,73628015382.7459,168767710652.034,24076472,9330901881.77112,72319418,729.8687133789065,10.77,27290477619.383102,4838.0,137.07,7790248
"Iran, Islamic Rep.",2012,109587110079.523,412336172443.795,8064885404.285717,89280163310.3228,196555659094.75,23395023,11081950208.5691,73318394,745.182800292969,10.63,20306946769.200195,5623.91,122.75,7793745
"Iran, Islamic Rep.",2012,94569965269.2119,416397025729.898,5596321636.857147,87393787041.7092,179452616218.937,24401195,12584623338.7062,74322685,707.963623046875,12.11,7176178227.502701,5602.56,108.21,9002707
"Iran, Islamic Rep.",2012,118779370673.274,486807616876.696,3127757869.4285736,94299456996.1199,215214626388.255,24374967,13561272454.2139,75373855,732.464416503906,13.68,24479913677.1541,6458.57,125.96,10310390
"Iran, Islamic Rep.",2012,156115729452.306,626133112195.926,659194102.0,101972675212.902,289475667275.809,23747702,14277667360.5682,76342971,709.170196533203,12.49,54143054239.40401,8201.58,153.1,9536001
"Iran, Islamic Rep.",2012,144748914752.621,644035512181.483,464819549.0,139202134960.186,271101359645.451,24358270,16493963286.9287,77324451,685.8759765625,12.28,5546779792.434998,8329.0,103.98,9491576
"Iran, Islamic Rep.",2012,124095211339.934,492775566425.881,270444996.0,107936629599.118,210803811393.972,24633773,11997186984.0994,78458928,667.218811035156,10.6,16158581740.81601,6280.68,114.97,8312723
"Iran, Islamic Rep.",2012,105108486858.986,460382791480.428,299133342.0,103681647163.622,180600011327.592,24780719,9901118855.30265,79961672,734.054534912109,10.68,1426839695.3639984,5757.54,101.38,8539907
"Iran, Islamic Rep.",2012,76420864791.0193,408212917874.964,248619292.0,84507234684.6283,131341443557.084,25883066,10588769670.8684,81790841,800.890258789062,11.17,-8086369893.608994,4990.94,90.43,9132765
"Iran, Islamic Rep.",2012,96911018308.917,457954614593.746,249197113.0,88046990400.1401,157387587768.88,27040336,12263957414.6216,83306231,1109.433105468751,12.62,8864027908.776901,5497.24,110.07,10511580
"Iran, Islamic Rep.",2012,110638713237.228,486630147094.486,278924954.0,107103317188.151,176302823954.43,28100798,13931196489.7975,84505076,1417.97595214844,12.23,3535396049.076996,5758.59,103.3,10336661
"Iran, Islamic Rep.",2012,102588195387.192,329691934142.938,153101893.0,90496181627.4492,123149111679.126,28610021,11230852287.9331,85617562,1507.6576538085951,12.2,12092013759.742798,3850.75,113.36,10441062
"Iran, Islamic Rep.",2012,66611879492.4744,283649531542.741,157768737.0,77352552129.2424,94447196558.6258,28702961,4598301890.51919,86564202,1597.33935546875,10.74,-10740672636.767998,3276.75,86.11,9296995
"Iran, Islamic Rep.",2012,46567680996.4015,239735486745.385,119892246.0,58460830560.1672,86641738179.9824,27169143,3033332821.19627,87290193,1506.52861328125,9.69,-11893149563.765701,2746.42,79.66,8455801
"Iran, Islamic Rep.",2012,82014975831.2792,359096907772.273,96091030.0,77330090105.3824,136506146005.821,27176983,5391957618.24884,87923432,1415.71787109375,9.28,4684885725.896805,4084.2,106.06,8161053
"Iran, Islamic Rep.",2012,110855418272.308,413394567603.552,2611544847.4545455,102445871903.338,164761269643.867,28641414,6846596650.50288,88550570,1324.90712890625,9.09,8409546368.970001,4668.46,108.21,8044819
"Iran, Islamic Rep.",2012,114986783677.192,401504514718.718,5126998664.909091,108025016107.055,167875301706.371,29158831,13931526780.21809,89172767,1234.09638671875,10.4,6961767570.137009,4502.55,106.44,9270401
Italy,2012,290576914388.958,1252446659833.79,7642452482.363636,268274689595.985,309126220576.024,23420632,21016456909.9333,56916317,1143.28564453125,11.71,22302224792.973022,22005.05,108.31,6663193
Italy,2012,293867282501.648,1146676894209.73,10157906299.818182,284121969413.177,278749222854.275,23493362,19878720932.3752,56942108,1160.82788085938,10.86,9745313088.471008,20137.59,103.43,6181635
Italy,2013,299586464835.355,1168023426056.38,12673360117.272728,284831774435.394,281736657914.055,23598179,19519381482.0449,56974100,1170.57885742188,9.62,14754690399.960999,20500.95,105.18,5482618
Italy,2013,311627059267.452,1276769338449.3,15188813934.727272,301961782874.981,306801418316.785,23868583,21610059761.8936,57059007,1249.68591308594,9.23,9665276392.471008,22376.3,103.2,5267117
Italy,2013,367620453604.666,1577621707050.51,17704267752.18182,360433739169.137,370415550933.685,24218787,26824213292.0407,57313203,1229.43029785156,8.89,7186714435.528992,27526.32,101.99,5093997
Italy,2013,433747867067.607,1806542968545.56,20219721569.636364,423101431530.04,423073568118.148,24606509,30261076654.6845,57685327,1249.27490234375,7.88,10646435537.567017,31317.2,102.52,4546181
Italy,2013,457141717037.821,1858217147203.73,22735175387.090908,458978118688.871,432436696818.054,24448131,29737642391.6828,57969484,1420.30737304688,7.74,-1836401651.0499878,32055.09,99.6,4489737
Italy,2013,510265693771.411,1949551719389.64,25250629204.545456,526275457690.588,456213671137.058,24509227,29633022263.3135,58143979,1516.24230957031,6.79,-16009763919.177002,33529.73,96.96,3947976
Italy,2013,605527905412.943,2213102482751.46,27766083022.0,613038536211.257,526097053977.06,24473855,31982431792.4882,58438310,1588.70642089844,6.09,-7510630798.313965,37870.75,98.77,3557724
Italy,2013,647031659500.391,2408655348718.59,29472787416.0,665513908098.437,568475815479.062,24816663,36839989746.2189,58826731,1622.64306640625,6.74,-18482248598.04602,40944.91,97.22,3963157
Italy,2013,492765610867.304,2199928804118.63,25662486010.0,506414812169.531,481450020035.117,24612153,34054481324.3999,59095365,1713.62329101562,7.76,-13649201302.22699,37226.76,97.3,4588164
Italy,2013,535606767650.001,2136099955236.67,29262023094.0,575297398933.334,467074507425.001,24546580,32020819951.1287,59277417,1732.51831054688,8.38,-39690631283.33301,36035.64,93.1,4968040
Italy,2013,616721503899.807,2294994296589.5,33747082856.0,648865091382.297,499154457718.873,24567360,33828804971.12,59379449,1770.69445800781,8.38,-32143587482.48999,38649.64,95.05,4974216
Italy,2013,592262781313.008,2086957656821.6,29546747419.0,569227676736.094,445462570706.836,25127011,29781008205.1256,59539717,1841.75354003906,10.68,23035104576.914062,35051.52,104.05,6357651
Italy,2013,613302332503.139,2141924094298.56,31874951728.0,561919570554.747,453497990364.354,25287655,29957445904.5168,60233948,1927.14660644531,12.18,51382761948.39209,35560.08,109.14,7333483
Italy,2013,629335664494.076,2162009615996.54,32860989418.0,566733784835.488,449664037270.43,25689865,27701034334.9422,60789140,1958.36315917969,12.72,62601879658.58801,35565.72,111.05,7730555
Italy,2013,545774938462.89,1836637711060.55,30088406455.0,490422560813.789,383056218852.187,25654398,22180845070.4225,60730582,2087.5576171875,11.93,55352377649.10101,30242.39,111.29,7244551
Italy,2013,550505533785.41,1877071687633.78,31085832014.0,488784062761.869,398276026624.554,25932536,25033027894.6754,60627498,2222.20849609375,11.72,61721471023.541016,30960.73,112.63,7108574
Italy,2013,602933211569.648,1961796197354.36,31878137337.0,546761283655.177,417870535762.001,26103399,26447892915.4274,60536709,2336.93896484375,11.24,56171927914.47095,32406.72,110.27,6805537
Italy,2013,655895167113.49,2091932426266.98,32487105732.0,605614375522.274,448722679367.608,26164164,28420098438.4406,60421760,2541.03833007812,10.64,50280791591.21594,34622.17,108.3,6428271
Italy,2014,635620162864.313,2011302198827.45,32548431190.0,568727083005.489,432973222941.96,25907430,26380673981.1912,59729081,2688.64672851562,9.98,66893079858.823975,33673.75,111.76,5962157
Italy,2014,558466165047.005,1897461635591.91,32892825253.0,490179399575.41,409072396537.744,25126337,32929093810.5551,59438851,2632.27978515625,9.19,68286765471.59503,31922.92,113.93,5462430
Italy,2014,691993324480.997,2154875493744.93,36845385469.0,645493652642.238,499848645378.674,25087249,36249278618.7323,59133173,2677.8408203125,9.53,46499671838.75891,36441.06,107.2,5636574
Italy,2014,754597805307.396,2066972096553.7,43256520915.0,788285041850.976,486650211163.815,25342466,33489705251.2895,58940425,3522.23828125,8.09,-33687236543.579956,35068.84,95.73,4769459
Italy,2014,790427802643.74,2254851212731.8,51762373058.5,759280562307.661,521452716401.382,25668665,38306301878.1051,58761146,4366.6357421875,7.63,31147240336.07898,38373.17,104.1,4481713
Japan,2014,454583045085.983,4635982224063.88,60268225202.0,385717972939.28,1523954671714.07,67983381,43122898504.9207,126631000,5211.033203125,4.68,68865072146.70294,36610.17,117.85,5922532
Japan,2014,519863963884.546,4968359075956.59,68774077345.5,452064900176.773,1615391753390.46,67817652,45509673827.3094,126843000,5112.4794921875,4.75,67799063707.77301,39169.36,115.0,6022506
Japan,2014,440830946383.947,4374711694090.87,77279929489.0,414845357770.868,1355339347266.37,67626063,40757967234.1581,127149000,5144.2158203125,5.02,25985588613.07904,34406.18,106.26,6382880
Japan,2014,454066577343.924,4182846045873.61,85785781632.5,401205059495.326,1264164832360.35,67075751,39333708169.8408,127445000,4898.50927734375,5.39,52861517848.59802,32820.79,113.18,6864188
Japan,2014,518203970379.571,4519561645253.53,94291633776.0,445643407643.175,1359435365964.11,66836856,42486177361.062,127718000,5120.04052734375,5.25,72560562736.396,35387.04,116.28,6706472
Japan,2014,625646760881.018,4893116005656.56,102797485919.5,532277504089.913,1466316674831.09,66578272,45339809414.6571,127761000,5123.81494140625,4.73,93369256791.10492,38298.98,117.54,6048206
Japan,2014,667510447457.861,4831467035389.8,111303338063.0,599781161368.994,1443241678779.0,66666567,44300613329.9461,127773000,5327.7236328125,4.45,67729286088.86694,37812.9,111.29,5680788
Japan,2014,720499607478.291,4601663122649.92,119809190206.5,660752902210.073,1365109678218.18,66782268,41552592885.5794,127854000,5357.1826171875,4.19,59746705268.21802,35991.55,109.04,5359640
Japan,2014,791798969881.999,4579750920354.81,128315042350.0,711118565477.884,1355482427273.92,66892223,40530045688.4692,128001000,5347.83984375,3.89,80680404404.11499,35779.02,111.35,4976679
Japan,2014,880163893981.685,5106679115127.3,130246559587.0,862718956651.3,1469854246585.95,66726949,46361468280.4594,128063000,5128.1748046875,4.0,17444937330.38501,39876.3,102.02,5125081
Japan,2014,656932075524.126,5289493117993.89,103707828342.0,633184104751.411,1434045704771.08,66456031,51465158207.5898,128047000,5117.22314453125,5.07,23747970772.714966,41309.0,103.75,6489422
Japan,2014,859167320527.627,5759071769013.11,129808093675.0,782080174983.161,1631888858351.64,66231664,54655450735.305,128070000,5119.994140625,5.1,77087145544.46594,44968.16,109.86,6535412
Japan,2014,920913976671.968,6233147172341.35,133086554903.0,961182364174.189,1664339807191.07,65813075,60762213840.8911,127833000,5126.9033203125,4.55,-40268387502.22095,48760.08,95.81,5816402
Japan,2015,904146988796.653,6272362996105.03,129203438507.0,1007099152148.38,1666105291732.24,65518909,60011530194.6974,127629000,5052.1494140625,4.36,-102952163351.72705,49145.28,89.78,5562072
Japan,2015,822722049495.078,5212328181166.18,111060297529.0,948362884511.706,1389124295000.15,65768575,49023932406.8581,127445000,5169.26513671875,4.04,-125640835016.62805,40898.65,86.75,5146229
Japan,2015,852990577902.813,4896994405353.29,107367024290.0,980024678767.845,1337546773110.89,65973877,46903466612.5187,127276000,5352.76220703125,3.59,-127034100865.03198,38475.4,87.04,4567936
Japan,2015,775051882733.212,4444930651964.18,98249840020.0,799671850411.581,1270526150555.11,66061546,42106103305.7928,127141000,5198.09765625,3.38,-24619967678.36902,34960.64,96.92,4303723
Japan,2015,803489014102.661,5003677627544.24,99101202201.0,763174802438.923,1432550285293.51,66669411,46471287714.246,127076000,5235.15673828125,3.13,40314211663.73804,39375.47,105.28,3980020
Japan,2015,867405253150.188,4930837369151.42,106183786017.0,829947425329.105,1424145454762.54,67225084,45058468760.6493,126972000,5331.271484375,2.82,37457827821.08301,38834.05,104.51,3583150
Japan,2015,923234601723.625,5040880939324.86,110741507162.0,922228472388.616,1462561583208.71,68386819,48535909410.587,126811000,5361.9658203125,2.47,1006129335.0090332,39751.13,100.11,3128427
Japan,2015,893782209080.495,5117993853016.51,103896710397.0,908591904960.75,1474191290028.78,69045531,50778006586.0079,126633000,5409.53564453125,2.35,-14809695880.255005,40415.96,98.37,2977142
Japan,2015,785057625362.297,5055587093501.59,102751095238.0,798645128766.751,1469831084089.49,68898380,51396536058.5254,126261000,5495.2509765625,2.81,-13587503404.45398,40040.77,98.3,3546671
Japan,2015,912549013982.719,5034620784584.98,116513861428.0,938755726387.128,1473274075621.68,68881069,50957471034.0305,125681593,5638.41796875,2.83,-26206712404.409058,40058.54,97.21,3554275
Japan,2015,916904220798.187,4256410760723.75,83102743949.0,1076957434698.96,1145673995781.17,69113783,45992092171.8933,125124989,4881.849527994793,2.6,-160053213900.77295,34017.27,85.14,3253250
Japan,2015,500787609992.9197,4212945159781.4,75224575709.6,564116410282.0552,605647720880.0244,69349452,26230563691.62336,124516650,4125.281087239587,2.6,-63328800289.1355,33834.39,88.77,3237433
Russian Federation,2015,84670999187.6523,195907128350.934,67346407470.2,51275385865.1503,65621445978.879,72911625,6469035211.35342,147214776,3368.71264648438,13.04,33395613322.502,1330.76,165.13,19190918
Russian Federation,2015,114429434767.153,259710142196.943,59468239230.8,62417348027.0174,88091006043.3701,73291467,9228204143.73676,146596869,3441.99560546875,10.58,52012086740.1356,1771.59,183.33,15511415
Russian Federation,2015,113116215289.681,306602070620.5,51590070991.4,74250942749.4001,97613986972.9174,72125695,11683151344.7726,145976482,3450.99829101562,8.98,38865272540.2809,2100.35,152.34,13105769
Russian Federation,2015,121649122807.018,345470494417.863,43711902752.0,84408293460.925,100381263907.496,72976674,13943825063.4002,145306497,3371.53125,7.88,37240829346.093,2377.53,144.12,11442887
Russian Federation,2015,151697387187.714,430347420184.885,35833734512.600006,102759593086.478,123308027251.379,72836706,16973739085.1036,144648618,3355.68212890625,8.21,48937794101.23599,2975.12,147.62,11875652
Russian Federation,2015,203415480735.856,591016690732.385,27955566273.200005,130992710864.283,187365425876.432,73604595,20955413570.6279,144067316,3302.67407226562,7.76,72422769871.57298,4102.36,155.29,11183946
Russian Federation,2016,268957047128.595,764015973481.11,20077398033.800003,164341230419.182,249292545064.173,74017719,27336977273.6915,143518814,3224.37182617188,7.12,104615816709.413,5323.46,163.66,10224280
Russian Federation,2016,333908794239.615,989932071352.543,12199229794.40001,207914704586.723,314602991913.709,74391175,34517781618.918,143049637,3235.55078125,7.06,125994089652.892,6920.2,160.6,10092152
Russian Federation,2016,392043343368.837,1299703478481.65,4321061555.0,279982932541.908,405793950356.214,75368783,43534994996.2472,142805114,3276.58129882812,6.0,112060410826.92896,9101.24,140.02,8571163
Russian Federation,2016,520004224863.321,1660848058303.11,5470082684.0,366597425851.134,511323326939.036,75918125,56183785393.2539,142742366,3153.67724609375,6.2,153406799012.187,11635.28,141.85,8857164
Russian Federation,2016,341584048925.976,1222645900055.7,4756271283.0,250605238920.116,358564617607.653,75954036,51532116797.5199,142785348,3090.63232421875,8.3,90978810005.86002,8562.82,136.3,11852612
Russian Federation,2016,445512969856.508,1524916715223.95,5263180850.0,322366550354.214,457468735242.443,75870233,58720227608.7579,142849468,3086.45458984375,7.37,123146419502.294,10674.99,138.2,10526577
Russian Federation,2016,573991024064.42,2045922753398.04,5731651464.0,408776142105.219,601779306625.024,76104185,70237523951.4946,143018195,3124.333984375,6.54,165214881959.20105,14305.33,140.42,9347669
Russian Federation,2016,594192620575.645,2208293553878.42,7709720644.0,447048493877.933,642676759642.425,76005341,81469399931.2577,143378447,3089.55810546875,5.44,147144126697.71204,15401.85,132.91,7794052
Russian Federation,2016,592496613389.693,2292470078346.22,9200859430.0,468622436736.16,646276869150.072,75771697,88352896463.5598,143805638,3064.15551757812,5.46,123874176653.53302,15941.45,126.43,7848912
Russian Federation,2016,558282985966.489,2059241589895.01,10399907502.0,426062113844.975,575177621924.859,75645949,84696504653.4978,144237223,3086.5908203125,5.16,132220872121.51404,14276.77,131.03,7442641
Russian Federation,2016,391365600741.085,1363482182197.71,11449519430.0,281640332372.515,406236699281.971,75405173,66421822179.9206,144640716,3109.76318359375,5.57,109725268368.57,9426.68,138.96,8057934
Russian Federation,2016,330106509740.16,1276786350881.14,11205912967.0,263830495058.506,372488437913.466,75532228,69245294552.8466,145015460,2959.9658203125,5.56,66276014681.65396,8804.48,125.12,8061409
Russian Federation,2016,410722481424.915,1574199360089.0,10359155449.0,327207464722.169,482858843287.281,75021883,66913033536.7831,145293260,2825.53955078125,5.21,83515016702.74597,10834.63,125.52,7572685
Russian Federation,2016,510345505266.608,1657328773461.31,10075334763.0,344519598182.381,539531748632.116,74975854,61609204756.4171,145398106,2787.24633789062,4.85,165825907084.227,11398.56,148.13,7045992
Russian Federation,2016,481410680627.341,1693115002708.32,10756539589.0,352088733268.664,544344868453.536,74132155,65201335848.3565,145453291,2749.4853515625,4.5,129321947358.677,11640.27,136.73,6539580
Russian Federation,2016,381065599584.428,1493075894362.14,6524883012.0,305255226176.837,443699223622.891,73659292,61712537168.9371,145245148,2724.9072265625,5.59,75810373407.591,10279.7,124.84,8117751
Russian Federation,2016,548800273711.107,1843392293734.38,10553177551.0,376517053315.285,578863382295.399,74031444,65907705047.1045,144746762,2675.5546875,4.75,172283220395.82202,12735.29,145.76,6874024
Russian Federation,2016,635070991226.071,2266029240645.34,9605698438.181818,345183909186.928,727294243543.347,73798702,86373102251.4131,144236933,2697.892578125,3.87,289887082039.14307,15710.46,183.98,5577642
Russian Federation,2017,466604779915.476,2021421476035.42,8658219325.363636,378926011232.614,619515845111.355,72407755,52346551125.70655,143826130,2599.5251000445824,3.08,87678768682.862,14054.62,123.14,4424092
Saudi Arabia,2017,56061600000.0,161717066666.667,7710740212.545454,37485333333.3333,75723733333.3333,6656494,18320000000.0,21009660,2501.1576219641643,4.35,18576266666.666702,7697.27,149.56,913080
Saudi Arabia,2017,82259466666.6667,189514933333.333,6763261099.727272,46926133333.3333,101296266666.667,7079451,19964266666.6667,21547390,2402.7901438837466,4.57,35333333333.333405,8795.26,175.3,984716
Saudi Arabia,2017,72980533333.3333,184137600000.0,5815781986.909091,44058400000.0,93507466666.6667,7333273,21026666666.6667,22085929,2304.422665803329,4.62,28922133333.333298,8337.33,165.64,1019928
Saudi Arabia,2017,77641333333.3333,189605866666.667,4868302874.090909,44830400000.0,96704000000.0,7625337,18501866666.6667,22623415,2206.055187722911,5.26,32810933333.333298,8380.96,173.19,1191123
Saudi Arabia,2017,98956800000.0,215807733333.333,3920823761.272727,51744266666.6667,116458400000.0,7948017,18747466666.6667,23150847,2107.6877096424932,5.56,47212533333.3333,9321.81,191.24,1287882
Saudi Arabia,2017,131920533333.333,258742133333.333,2973344648.454545,62350400000.0,146721333333.333,8227971,20910400000.0,23661808,2009.3202315620756,5.82,69570133333.333,10935.01,211.58,1377590
Saudi Arabia,2017,187388647220.517,328459608764.111,2025865535.636363,81797389981.5858,202781884657.468,8558784,25392038600.7238,24397644,1910.9527534816577,6.05,105591257238.9312,13462.76,229.09,1476301
Saudi Arabia,2017,225506542056.075,376900133511.348,1078386422.818182,113494793057.41,235702002670.227,8989951,29580507343.1242,25382870,1812.5852754012399,6.25,112011748998.66501,14848.6,198.69,1587445
Saudi Arabia,2017,249318478985.991,415964509673.115,130907310.0,145279252835.223,260782388258.839,9448425,35469513008.6724,26400068,1714.2177973208222,5.73,104039226150.768,15756.19,171.61,1513780
Saudi Arabia,2017,322853600000.0,519796800000.0,180686087.0,176684800000.0,345297600000.0,9918243,38222933333.3333,27437353,1615.8503192404044,5.08,146168800000.0,18944.86,182.73,1395189
Saudi Arabia,2017,202056266666.667,429097866666.667,209615935.0,162069066666.667,234480533333.333,10384920,41267200000.0,28483797,1517.4828411599865,5.38,39987200000.0,15064.63,124.67,1531574
Saudi Arabia,2017,261830933333.333,528207200000.0,202105315.0,174202933333.333,306526666666.667,11036836,45244533333.3333,29411929,1419.1153630795689,5.55,87628000000.0,17958.94,150.3,1632362
Saudi Arabia,2017,376224266666.667,676634666666.667,213847737.0,197977333333.333,427432266666.667,11614140,48530933333.3333,30150945,1320.747884999151,5.59,178246933333.33398,22441.57,190.03,1684232
Saudi Arabia,2017,399419733333.333,741849866666.667,258048046.0,215206133333.333,461492266666.667,12176429,56497866666.6667,30821543,1222.3804069187333,5.62,184213600000.0,24069.2,185.6,1732787
Saudi Arabia,2017,387644000000.0,753864533333.333,289531029.0,229900800000.0,447396266666.667,12635859,67020000000.0,31482498,1124.0129288383155,5.6,157743200000.0,23945.51,168.61,1763020
Saudi Arabia,2017,354541333333.333,766605866666.667,254585412.0,255382933333.333,433708266666.667,12977992,80762400000.0,32125564,1025.6454507578976,5.88,99158400000.0,23862.8,138.83,1888019
Saudi Arabia,2017,218010400000.0,669484266666.667,278105529.0,247307200000.0,298854400000.0,13441489,87185866666.6667,32749848,927.27797267748,5.6,-29296800000.0,20442.36,88.15,1833991
Saudi Arabia,2018,200860000000.0,666000000000.0,421118918.0,198110133333.333,282543200000.0,13967604,63672800000.0,33416270,828.9104945970621,5.6,2749866666.666992,19930.41,101.39,1871311
Saudi Arabia,2018,239993333333.333,714994666666.667,261725660.0,201975733333.333,321361333333.333,13926541,70400000000.0,34193122,730.5430165166445,5.89,38017600000.0,20910.48,118.82,2013975
Saudi Arabia,2018,314916533333.333,846583733333.333,252680855.0,209589333333.333,415960533333.333,14523667,74612266666.6667,35018133,632.1755384362264,6.03,105327200000.0,24175.58,150.25,2111243
Saudi Arabia,2018,285860000000.0,838564800000.0,270579691.0,218940800000.0,386140800000.0,15485557,65362666666.6667,35827362,533.8080603558087,5.64,66919200000.0,23405.71,130.56,2019230
Saudi Arabia,2018,182848000000.0,734271200000.0,217407451.0,182183733333.333,289820800000.0,15995144,64558400000.0,35997107,435.440582275391,7.66,664266666.6669922,20398.06,100.36,2757378
Saudi Arabia,2018,286501600000.0,874156000000.0,158436055.0,213015733333.333,386146133333.333,16336779,63194666666.6667,35950396,692.339599609375,6.62,73485866666.66699,24315.62,134.5,2380276
Saudi Arabia,2018,445881600000.0,1108571466666.67,319752633.3636364,258212800000.0,589057333333.333,16617140,75013333333.3333,36408820,834.805725097656,5.59,187668800000.0,30447.88,172.68,2034889
Saudi Arabia,2018,370976533333.333,1067582933333.33,481069211.72727275,292280800000.0,501482933333.333,16933906,38375684979.190796,36947025,701.5088424682615,4.89,78695733333.33301,28894.96,126.92,1805232
South Africa,2018,33741638410.0523,151516957078.536,642385790.0909091,30286845828.5512,41918078629.881,18179270,1738036625.04829,46364681,568.211959838867,25.37,3454792581.5010986,3267.94,111.41,11762720
South Africa,2018,37034203153.1617,151752757215.309,803702368.4545455,33107016485.1348,42839432346.1619,18541865,1891725013.43693,46813266,434.91507720947254,29.88,3927186668.0268974,3241.66,111.86,13987804
South Africa,2018,35694800701.716,135429905922.526,965018946.8181819,30897364104.6692,38640336810.203,18926590,1802262236.357,47229714,301.618194580078,25.37,4797436597.0468025,2867.47,115.53,11982651
South Africa,2018,36701099077.7029,129087556612.449,1126335525.1818182,32316210606.3261,36797590474.3753,19314482,1766082897.72027,47661514,298.3646850585935,27.18,4384888471.376804,2708.42,113.57,12954400
South Africa,2018,47117624127.3835,197018965308.697,1287652103.5454545,42967056805.1894,52984050402.7298,19692815,2574176278.13213,48104048,295.111175537109,27.12,4150567322.1940994,4095.68,109.66,13043894
South Africa,2018,58215305278.4397,255806908594.573,1448968681.909091,58544113474.1233,67286519808.2943,20050904,3099065125.41623,48556071,370.710571289062,24.67,-328808195.6836014,5268.28,99.44,11980239
South Africa,2018,68171982951.6578,288867217196.534,1610285260.2727275,68831329348.0066,75149035527.0242,20382896,3566963815.37049,49017147,354.661987304688,23.84,-659346396.3488083,5893.19,99.04,11685688
South Africa,2018,79301796383.6635,303858675363.643,1771601838.6363637,84077365459.513,75536585543.4259,20703758,3506139657.83314,49491756,377.135101318359,22.62,-4775569075.849503,6139.58,94.32,11193056
South Africa,2018,93124912619.8572,333077117253.684,1932918417.0,97145854047.3063,84250585484.2155,21021772,3526748772.59817,49996094,388.452178955078,22.33,-4020941427.449112,6662.06,95.86,11162128
South Africa,2018,101967105838.93,316131258616.309,2087704760.0,106598986614.936,85170680418.6257,21338378,3286227700.02494,50565812,385.714691162109,19.51,-4631880776.006012,6251.88,95.65,9863873
South Africa,2019,82381621006.4253,329754060647.129,1482818276.0,81135290312.0889,84888839067.9179,21088301,3592687702.02285,51170779,389.045135498047,20.51,1246330694.3363953,6444.19,101.54,10496150
South Africa,2019,107610657455.818,417363822801.713,2504733101.0,102766114850.772,105607500892.611,19990943,4188168092.20321,51784921,363.729705810547,23.18,4844542605.04599,8059.56,104.71,12004263
South Africa,2019,126912776368.754,458199494830.834,2743376672.0,123430705322.531,113814422971.515,21055801,4594154077.94655,52443325,386.053802490234,21.42,3482071046.222992,8737.04,102.82,11231262
South Africa,2019,117892612029.379,434400545085.811,2860653042.0,123558580031.425,106291732798.207,21285409,4489590095.94432,53145033,405.105041503906,21.79,-5665968002.046005,8173.87,95.41,11578177
South Africa,2019,113768565563.408,400886013595.573,2613566643.0,122253185705.996,98424498839.4023,21678833,4118208483.42734,53873616,436.311157226562,22.04,-8484620142.587997,7441.23,93.06,11872667
South Africa,2019,110550033012.43,381198869776.106,2806863732.0,116261670807.052,92651460302.0914,21981198,3892485091.06944,54729551,434.588989257812,22.61,-5711637794.622009,6965.14,95.09,12372162
South Africa,2019,96085897668.3633,346709790458.563,2818226377.0,100591042327.088,82282235249.8294,23120551,3488867947.83997,55876504,473.734161376953,22.87,-4505144658.724701,6204.93,95.52,12778398
South Africa,2019,91109021408.9525,323585509674.481,2397477040.0,89649913398.7817,76956844528.4456,23430091,3139312128.41824,56422274,489.200805664062,24.02,1459108010.170807,5735.07,101.63,13554323
South Africa,2019,104288394992.827,381448814653.456,2197945701.0,99923782384.0035,90062187885.4344,23776332,3591507613.36993,56641209,524.1455078125,23.99,4364612608.823502,6734.48,104.37,13589359
South Africa,2019,111434691806.498,405260723892.517,2091401860.0,109373822794.536,95386463140.2654,23771537,3622918742.55151,57339635,510.973571777344,24.22,2060869011.9620056,7067.72,101.88,13886513
South Africa,2019,105906059178.622,389330032224.269,1832830758.0,103935027605.427,91967599718.6407,24142655,3435429787.52855,58087055,491.409973144531,25.54,1971031573.194992,6702.53,101.9,14834272
South Africa,2019,93122660983.085,338291396026.698,1835041126.0,78346568941.6284,78993238982.314,22920638,3231017731.35778,58801927,472.680908203125,24.34,14776092041.456604,5753.07,118.86,14311801
South Africa,2019,130704196369.932,420117812466.041,2418168759.0,104917302237.724,103421569919.853,23621462,3393856591.77044,59392255,552.3721801757813,28.77,25786894132.208008,7073.61,124.58,17087152
South Africa,2019,135921544367.023,405270850098.738,2475526790.0,127750651146.107,100009242128.796,24366735,2995329364.67028,59893885,632.0634521484375,28.84,8170893220.916,6766.48,106.4,17272199
South Africa,2019,124755265328.74,377781600985.873,2269663772.0,123532082833.159,92823858801.0001,25158403,3614206547.54957,60414495,711.7547241210938,27.99,1223182495.581009,6253.16,100.99,16909413
United Arab Emirates,2019,100099244278.61087,84445473110.9598,2063800754.0,96372511768.50946,35484547311.096,1770008,4233083730.42886,3097563,791.44599609375,15.12,3726732510.10141,27261.91,103.87,468336
United Arab Emirates,2019,75443223228.48174,104337372362.151,1857937736.0,69212940703.85992,50621375085.0919,1895208,5875833900.61266,3275333,871.1372680664062,2.25,6230282524.621811,31855.5,109.0,73695
United Arab Emirates,2019,50787202178.3526,103311640571.818,1652074718.0,42053369639.2104,51321443158.6113,2027836,5797957794.41797,3454198,950.8285400390625,2.42,8733832539.142197,29909.01,120.77,83730
United Arab Emirates,2020,54362695711.3683,109816201497.617,1446211700.0,47845064669.8434,52212933968.6862,2166348,5354118447.92376,3633655,1030.5198120117188,2.6,6517631041.524902,30221.97,113.62,94402
United Arab Emirates,2020,69538461538.4615,124346358066.712,1240348682.0,57668073519.401,61080190605.8543,2309920,5834717494.89449,3813443,1110.211083984375,2.77,11870388019.060501,32607.37,120.58,105709
United Arab Emirates,2020,93968596324.03,147824370319.946,1034485664.0,78428046289.9932,76393192648.0599,2458656,6816882232.81144,3993339,1189.9023559570314,2.95,15540550034.036804,37017.74,119.82,117644
United Arab Emirates,2020,122070878148.4,180617467964.602,828622646.0,93862491490.8101,100501837985.024,2671414,6604220558.20286,4280993,1269.5936279296875,3.12,28208386657.58989,42190.55,130.05,133567
United Arab Emirates,2020,152433690946.222,222116541865.214,622759628.0,112930428863.172,128612389380.531,3097126,7165418652.14432,4898954,1349.2848999023438,2.99,39503262083.04999,45339.59,134.98,146256
United Arab Emirates,2020,186690265486.726,257916133424.098,416896610.0,166134240980.259,141441797140.912,3769133,8460993873.38325,5872624,1428.976171875,2.85,20556024506.46701,43918.38,112.37,167423
United Arab Emirates,2020,248808168822.328,315474615738.598,211033592.0,219714363512.594,183031994554.118,4557619,11571681415.9292,6988685,1508.6674438476564,2.72,29093805309.73401,45140.77,113.24,189838
United Arab Emirates,2020,201958883594.282,253547358747.447,281549256.5,187139823008.85,131958611300.204,5298911,13836351259.3601,7992644,1588.3587158203125,2.58,14819060585.432007,31722.59,107.92,206356
United Arab Emirates,2020,238328114363.513,300189052688.904,352064921.0,178610755616.065,155133077957.794,5685095,17504697072.8387,8481771,1668.0499877929688,2.45,59717358747.448,35392.26,133.43,207572
United Arab Emirates,2020,315867937372.362,360832739550.715,422580585.5,215973042886.317,205952938189.244,5782838,19181756296.8005,8575205,1747.741259765625,2.31,99894894486.04501,42078.61,146.25,198321
United Arab Emirates,2020,375513955071.477,384610125391.423,493096250.0,239748672566.372,217566493179.033,5879032,19024098025.8679,8664969,1827.4325317382813,2.18,135765282505.10498,44386.79,156.63,188739
United Arab Emirates,2020,392244520081.688,400218529748.128,401347906.0,252509462219.197,216933711368.278,5973682,23561061946.9027,8751847,1907.1238037109376,2.04,139735057862.491,45729.61,155.34,178856
United Arab Emirates,2020,401366643975.494,414105366752.893,1465448357.0,277888359428.182,215292194472.43,6066398,22755071477.1954,8835951,1986.8150756835937,1.91,123478284547.31201,46865.96,144.43,168686
United Arab Emirates,2020,361252552756.978,370275469571.137,903527788.0,266276378488.768,160530133995.916,6155854,24555604396.13242,8916899,2066.50634765625,1.77,94976174268.21002,41525.14,135.67,158234
United Arab Emirates,2020,360626276378.489,369255326235.534,484009003.0,270442477876.106,151500186385.296,6244154,26356137315.06944,8994263,2490.70239257812,1.64,90183798502.38303,41054.54,133.35,147506
United Arab Emirates,2020,384043567052.417,390516804029.952,527367400.0,290782845473.111,166079122178.353,6328526,28156670234.006462,9068296,2503.5638427734348,2.46,93260721579.30597,43063.97,132.07,223261
United Arab Emirates,2020,392863172226.004,427049432157.931,643615781.0,281535738597.685,200367141946.903,6404956,29957203152.94348,9140169,2516.42529296875,2.24,111327433628.31903,46722.27,139.54,204374
United Arab Emirates,2020,404046289993.193,417989721742.682,670369236.0,295599807270.252,186107900694.35,6479503,31757736071.8805,9211657,2536.50708007812,2.33,108446482722.94098,45376.17,136.69,214724
United Arab Emirates,2021,335237576582.709,349473015330.157,1202163087.0,246886262682.097,147386900013.615,6491560,33558268990.81752,9287289,2612.33276367188,4.29,88351313900.612,37629.17,135.79,398796
United Arab Emirates,2021,353986425439.782,415178792756.978,2904969194.0,292030090960.772,195712476378.489,6462165,35358801909.75454,9365145,2666.01538085938,3.1,61956334479.01001,44332.34,121.22,290788
United Arab Emirates,2021,372735274296.855,507063968277.74,3213488119.0,337173919239.447,260957751286.59,6588824,37159334828.69156,9441129,2731.5945638020867,2.87,35561355057.40796,53707.98,110.55,271244
United Arab Emirates,2021,391484123153.928,504173451327.434,9777874340.7,382317747518.122,320976367958.45447,6668172,38959867747.62858,9516871,2797.1737467447933,4.46,9166375635.80597,52976.81,102.4,424215
United Kingdom,2021,410232972011.001,1687830448147.55,16342260562.4,427461575796.797,380994984630.319,29238964,40760400666.5656,58682466,2862.7529296875,6.04,-17228603785.79602,28762.09,95.97,3545595
United Kingdom,2021,427373278862.158,1665534876683.31,22906646784.1,447394462097.14,376795279164.775,29511805,39343711272.5782,58892514,2903.8056640625,5.56,-20021183234.981995,28280.93,95.52,3273246
United Kingdom,2021,421484093853.462,1649827263567.01,29471033005.8,449981286886.426,358255362026.774,29521902,39512579943.6497,59119673,3089.00024414062,4.7,-28497193032.96405,27906.57,93.67,2776260
United Kingdom,2021,437688848920.863,1785729916067.15,36035419227.5,479812649880.096,380224820143.885,29839231,44245265998.3094,59370479,3346.2890625,5.04,-42123800959.23303,30077.74,91.22,2990491
United Kingdom,2021,494222040816.326,2054422857142.86,42599805449.2,537910204081.633,428160000000.0,30095093,52343122277.0674,59647577,3642.29638671875,4.81,-43688163265.30701,34442.69,91.88,2867259
United Kingdom,2021,582916514097.4,2421525082387.4,49164191670.9,638784328084.951,490170267301.355,30341589,60250782544.7032,59987905,3828.46997070312,4.59,-55867813987.551025,40366.89,91.25,2755844
United Kingdom,2021,642700000000.0,2543180000000.0,55728577892.6,697065454545.454,515420000000.0,30813208,61653635038.462,60401206,4130.6025390625,4.84,-54365454545.45398,42104.79,92.2,2920398
United Kingdom,2021,745149954001.84,2708441582336.71,62292964114.299995,796344066237.351,545241950321.987,31317980,64217619528.3273,60846820,4192.7626953125,5.41,-51194112235.51099,44512.46,93.57,3292421
United Kingdom,2021,788437374949.98,3090510204081.63,68857350336.0,848431372549.02,609995998399.36,31527354,73448032014.1665,61322463,4140.1416015625,5.34,-59993997599.04004,50397.69,92.93,3275846
United Kingdom,2021,805762867647.059,2929411764705.88,67496532150.0,855172794117.647,585693014705.882,31927772,72915407669.7404,61806995,4096.67138671875,5.7,-49409926470.58801,47396.12,94.22,3526089
United Kingdom,2021,648608817572.831,2412840006231.5,48644842352.0,678558965570.961,447697460663.655,32084960,64010506669.801,62276270,4131.85888671875,7.63,-29950147998.130005,38744.13,95.59,4749811
United Kingdom,2021,717229317011.397,2485482596184.71,66714274846.0,755985189200.566,462003310289.827,32236187,63979111970.2694,62766365,4105.41650390625,7.92,-38755872189.16907,39598.96,94.87,4973607
United Kingdom,2021,836104561850.802,2663805834828.07,75783351756.0,857154298140.55,488154247492.113,32478068,66569552573.1349,63258810,3988.47729492188,8.17,-21049736289.748047,42109.64,97.54,5167612
United Kingdom,2021,828872120452.116,2707089726614.64,73147759484.0,855641065409.249,495441895341.968,32778349,65452487554.2416,63700215,4030.67236328125,8.25,-26768944957.133057,42497.34,96.87,5255268
United Kingdom,2022,843516106640.604,2784853502534.29,74696893576.0,883068333064.174,518589094919.097,33061439,63837724855.4312,64128273,4178.50146484375,7.7,-39552226423.56995,43426.3,95.52,4940442
United Kingdom,2022,875777609747.207,3064708247921.43,76014219847.0,935305726198.978,558656325089.798,33331376,66995468654.2895,64602298,4285.53515625,6.36,-59528116451.770996,47439.62,93.64,4110644
United Kingdom,2022,815304691846.949,2927911140916.73,74578603459.0,859564412420.216,529781369151.171,33614102,59990205719.3245,65116219,4397.22216796875,5.52,-44259720573.26697,44964.39,94.85,3592462
United Kingdom,2022,777214710110.264,2689106566899.61,73806480005.0,828192624115.954,473121380621.191,33939706,53327366087.7128,65611593,4448.35205078125,4.87,-50977914005.68994,40985.24,93.84,3193972
United Kingdom,2022,827907141571.723,2680148052335.3,73689913071.0,863846532337.868,477203037543.326,34128763,52075008432.0543,66058859,4491.31689453125,4.45,-35939390766.14502,40572.12,95.84,2940940
United Kingdom,2022,906772479283.289,2871340347581.79,75580036686.0,946466621329.184,513981373938.432,34415434,55832916405.2492,66460344,4346.492047991072,4.12,-39694142045.89502,43203.81,95.81,2738166
United Kingdom,2022,902036391533.849,2851407164907.81,76894056310.0,941829862195.151,506376253971.334,34695933,56567602040.8163,66836327,4201.667201450893,3.61,-39793470661.302,42662.54,95.77,2414796
United Kingdom,2022,801032485999.143,2697806592293.86,58143796335.0,784591451435.635,469095126370.901,34633314,58332371794.8718,67081234,4056.842354910714,4.47,16441034563.507935,40217.01,102.1,2999873
United Kingdom,2022,929801395238.219,3141506156618.7,66699915640.0,934640027640.594,521880476802.053,34311328,67500687757.9092,67026292,3912.017508370536,4.83,-4838632402.375,46869.76,99.48,3234689
United Kingdom,2022,1032613371395.66,3088839763445.02,72663086859.0,1114984699714.39,514483073136.515,34797067,68462578611.6125,67791000,3767.192661830357,3.73,-82371328318.72986,45564.16,92.61,2528604
United Kingdom,2022,1074576994056.37,3340032380668.04,89447379757.5,1116062868413.25,565608445024.837,35275169,183278734967.00824,68350000,3622.3678152901784,3.98,-41485874356.880005,48866.6,96.28,2723064
United States,2022,992910000000.0,9631172000000.0,106231672656.0,1252460000000.0,2172657910000.0,144105404,298094891322.404,279040000,3477.54296875,4.22,-259550000000.0,34515.38,79.28,11772698
United States,2022,1096111000000.0,10250952000000.0,123015965554.5,1477184000000.0,2301500414000.0,146165416,320086324211.196,282162411,3478.96069335938,3.99,-381073000000.0,36329.97,74.2,11263923
United States,2022,1026812000000.0,10581929000000.0,139800258453.0,1403559000000.0,2271834974000.0,147200475,331805610572.137,284968955,3515.9072265625,4.73,-376747000000.0,37133.62,73.16,13481881
United States,2022,997979000000.0,10929108000000.0,156584551351.5,1437724000000.0,2257131284000.0,148166550,378463138753.841,287625193,3561.70263671875,5.78,-439745000000.0,37997.74,69.41,16633365
United States,2022,1035165000000.0,11456450000000.0,173368844250.0,1557120000000.0,2376006127000.0,148886198,440532069586.192,290107933,3763.71923828125,5.99,-521955000000.0,39490.3,66.48,17374564
United States,2022,1176363000000.0,12217196000000.0,190153137148.5,1810504000000.0,2559506441000.0,150113013,492999376159.397,292805298,3624.34448242188,5.53,-634141000000.0,41724.64,64.97,16189205
United States,2022,1301580000000.0,13039197000000.0,206937430047.0,2041482000000.0,2765127763000.0,152044690,533203000000.0,295516599,3547.88354492188,5.08,-739902000000.0,44123.4,63.76,15024064
United States,2023,1470170000000.0,13815583000000.0,223721722945.5,2256623000000.0,2982365475000.0,154154002,558335000000.0,298379912,3585.5830078125,4.62,-786453000000.0,46301.99,65.15,13794103
United States,2023,1659295000000.0,14474228000000.0,240506015844.0,2395228000000.0,3100941316000.0,155503665,589586000000.0,301231207,3534.15112304688,4.62,-735933000000.0,48050.23,69.28,13922906
United States,2023,1835280000000.0,14769862000000.0,243004983889.0,2576151000000.0,3071171493000.0,157246174,656756000000.0,304093966,3661.42553710938,5.78,-740871000000.0,48570.06,71.24,17588795
United States,2023,1582774000000.0,14478067000000.0,150884049387.0,2001927000000.0,2789702655000.0,157377606,705917000000.0,306771529,3785.63500976562,9.25,-419153000000.0,47194.95,79.06,28388637
United States,2023,1857247000000.0,15048971000000.0,166039756444.0,2389555000000.0,2905993746000.0,157357516,738005000000.0,309327143,3549.27587890625,9.63,-532308000000.0,48650.66,77.72,29797484
United States,2023,2115864000000.0,15599732000000.0,166463697491.0,2695480000000.0,3027517601000.0,157443452,752288000000.0,311583481,3663.78662109375,8.95,-579616000000.0,50065.98,78.5,27883606
United States,2023,2217700000000.0,16253970000000.0,169065944865.0,2769317000000.0,3114685522000.0,158452840,725205000000.0,313877662,3649.93872070312,8.07,-551617000000.0,51784.41,80.08,25326789
United States,2023,2287922000000.0,16880683000000.0,169222381420.0,2766375000000.0,3240903821000.0,158809862,679229000000.0,316059947,3735.77661132812,7.38,-478453000000.0,53409.75,82.7,23309421
United States,2023,2378545000000.0,17608138000000.0,175881164582.0,2887445000000.0,3392812407000.0,159540139,647789000000.0,318386329,3836.59814453125,6.17,-508900000000.0,55304.32,82.38,19638069
United States,2023,2270622000000.0,18295019000000.0,175243750732.0,2794942000000.0,3383977115000.0,160644681,633829639000.0,320738994,3874.78662109375,5.28,-524320000000.0,57040.21,81.24,16935019
United States,2023,2235558000000.0,18804913000000.0,173921742498.0,2738830000000.0,3373013267000.0,162448669,639856443000.0,323071755,3830.46264648438,4.87,-503272000000.0,58206.61,81.62,15730364
United States,2023,2388260000000.0,19612102000000.0,154545029027.0,2931589000000.0,3590729593000.0,163971527,646752927000.0,325122128,3958.56396484375,4.36,-543329000000.0,60322.26,81.47,14159069
United States,2023,2538089000000.0,20656516000000.0,153808462622.0,3131166000000.0,3825493014000.0,165307010,682491400000.0,326838199,4261.9892578125,3.9,-593077000000.0,63201.05,81.06,12733616
United States,2023,2538450000000.0,21521395000000.0,153923490830.0,3116954000000.0,3908533954000.0,167100511,734344100000.0,328329953,4308.8740234375,3.67,-578504000000.0,65548.07,81.44,12046426
United States,2023,2150112000000.0,21322950000000.0,141538563122.0,2776503000000.0,3687357961000.0,165649358,778397200000.0,331526933,4451.78125,8.06,-626391000000.0,64317.4,77.44,26704494
United States,2023,2550038000000.0,23594031000000.0,169217253983.0,3408277000000.0,4169821339000.0,166198588,806230200000.0,332048977,4451.78125,5.35,-858239000000.0,71055.88,74.82,17761300
United States,2023,2995046000000.0,25744108000000.0,166435572426.0,3966165000000.0,4169821339000.0,168181985,876943200000.0,333271411,4451.78125,3.65,-971119000000.0,77246.67,75.51,12164407
United States,2023,2995046000000.0,27360935000000.0,166435572426.0,3966165000000.0,4169821339000.0,170548899,876943200000.0,334914895,4451.78125,3.64,-971119000000.0,81695.19,75.51,12184204
