Country Name,Series Name,1999 [YR1999],2000 [YR2000],2001 [YR2001],2002 [YR2002],2003 [YR2003],2004 [YR2004],2005 [YR2005],2006 [YR2006],2007 [YR2007],2008 [YR2008],2009 [YR2009],2010 [YR2010],2011 [YR2011],2012 [YR2012],2013 [YR2013],2014 [YR2014],2015 [YR2015],2016 [YR2016],2017 [YR2017],2018 [YR2018],2019 [YR2019],2020 [YR2020],2021 [YR2021],2022 [YR2022],2023 [YR2023]
Canada,GDP (current US$),678412196271.118,744773415931.587,738981792355.372,760649334098.005,895540646634.787,1026690238278.25,1173108598778.68,1319264809590.97,1468820407783.26,1552989690721.65,1374625142157.29,1617343367486.26,1793326630174.52,1828366481521.6,1846597421834.98,1805749878439.94,1556508816217.14,1527994741907.43,1649265644244.09,1725329192783.02,1743725183672.52,1655684730000.19,2007472181464.15,2161483369422.01,2140085567791.45
Canada,"Population, total",30401286,30685730,31020855,31359199,31642461,31938807,32242732,32571193,32888886,33247298,33630069,34005902,34339221,34713395,35080992,35434066,35704498,36110803,36545075,37072620,37618495,38028638,38239864,38939056,40097761
Canada,Exports of goods and services (current US$),283991384532.544,329258635782.102,310667613636.364,304705919836.87,330149882235.386,383240584166.026,432369202838.752,467052186177.715,502770691741.923,534150890346.767,391985828011.548,471736717163.276,550163771962.44,554964544782.69,560108797442.998,573083180253.852,495747450357.728,481357649980.237,518766780219.71,557719627178.031,564142104614.779,487990676642.934,626659601646.079,731555074343.765,717707829049.981
Canada,Imports of goods and services (current US$),259518745372.552,287155747087.738,268281895661.157,271159115529.217,295296552708.586,337418139892.391,385981185014.029,430736071932.299,470813704496.788,506718837863.168,411817863703.963,502035342676.986,570642753938.112,589511490951.583,589048627265.353,589434433378.268,534115083556.223,517396012626.09,554922650425.45,591347645767.306,589706748631.384,524572641557.224,626488133458.384,728719235183.076,726063209302.504
Canada,"Industry (including construction), value added (current US$)",189085279666.151,219708437142.28,210222107438.017,209734913655.77,249922203982.585,291488854727.133,342700115530.616,380575634696.756,421344381342.519,455678537956.888,344701250984.166,426188304452.91,486697022204.677,486979356756.42,491439314623.88,490043362985.931,380032251381.957,355950967448.067,396282298083.287,424815832585.479,419843824725.777,371727999597.04,..,..,..
Canada,"Labor force, total",16041716,16308539,16585639,17068215,17462681,17672719,17818493,18035508,18382520,18662676,18788041,18985996,19146747,19315804,19521201,19584895,19691006,19878324,20144897,20348244,20767967,20482633,20967796,21367763,22110473
Canada,Military expenditure (current USD),8210778539.84237,8299385230.72365,8375571424.88184,8495399281.21734,9958245601.51315,11336489831.0556,12988132963.6232,14809892802.9902,17417139931.1051,19342058404.5584,18936226051.964,19315688825.0369,21393720863.7223,20452107110.9741,18515731209.9437,17853640477.6849,17937641894.7407,17782775543.0736,22269696323.3229,22729327580.3404,22394875659.3821,23082774049.217,25362240829.3461,26896315904.7337,..
Canada,"Unemployment, total (% of total labor force) (national estimate)",7.583,6.829,7.219,7.665,7.574,7.185,6.758,6.484,6.156,6.284,8.46,8.178,7.637,7.392,7.143,7.023,6.945,7.038,6.426,5.837,5.69,9.657,7.527,5.28,5.415
Canada,High-technology exports (current US$),..,..,..,..,..,..,..,..,30526426800,30127811741,25642281363,26566354162,27498833323,33106176422,32177506045,28785442620,28241567521,26201901348,26937505963,30479680520,31536892938,25573108194,29239719472,30335008047,..
Canada,Researchers in R&D (per million people),3258.94189453125,3534.27416992188,3713.39404296875,3720.42211914062,3915.01049804688,4104.826171875,4263.78369140625,4345.23291015625,4628.8720703125,4758.97998046875,4496.95947265625,4696.43896484375,4835.43359375,4683.61279296875,4678.26171875,4595.6376953125,4582.37939453125,4428.1728515625,4467.15625,4758.1025390625,4894.20751953125,5076.244140625,..,..,..
France,GDP (current US$),1493151737698.46,1365639660792.16,1377657339291.34,1501409382971.38,1844544792036.86,2119633181634.37,2196945232435.8,2320536221304.7,2660591246211.77,2930303780828.12,2700887366932.03,2645187882116.67,2865157541994.17,2683671716967.19,2811876903329.03,2855964488590.19,2439188643162.5,2472964344587.17,2595151045197.65,2790956878746.66,2728870246705.88,2647418691598.45,2959355819170.5,2779092236505.85,3030904089607.9
France,"Population, total",60504420,60921384,61367388,61816234,62256970,62716306,63188395,63628261,64021737,64379696,64710879,65030575,65345233,65662240,66002289,66312067,66548272,66724104,66918020,67158348,67388001,67571107,67764304,67971311,68170228
France,Exports of goods and services (current US$),389362241255.599,390504309338.04,389407179769.292,413353771803.138,481646963819.999,561042237466.411,593901326045.136,648243071809.411,741061331101.179,823983397589.844,670780157110.546,708600861200.001,814316094241.247,783713381111.719,825700281806.669,847269974207.056,746211770692.968,748010809661.091,803163777629.413,885114776507.45,862106200525.489,723479579565.761,888842353166.652,963967041638.136,990482069684.331
France,Imports of goods and services (current US$),353643809381.468,372359017200.001,367744588386.221,383474587651.373,455341828900.391,539577459091.121,592025237914.397,653657213936.47,760064379592.944,857925492297.656,692153802943.359,742755299683.335,870126540107.006,818493895248.047,854791379337.649,879982977519.997,760028534719.922,762973925940.469,830791260481.178,913320694019.607,888231377160.783,779781852364.204,944547056290.682,1071713925243.19,1057715352939.23
France,"Industry (including construction), value added (current US$)",316573972971.429,290798487446.275,288458984459.055,310032821966.275,372447001881.96,423027543732.434,430812288149.416,447494165107.058,509150407783.139,551302392172.656,494393182475.39,472053236366.668,515102785029.184,479533239101.953,505344929567.452,506817735212.547,431241032276.562,431139869354.476,447433953245.883,479720255245.49,475496798039.215,444391955716.733,485205019325.574,467501995947.473,565289400968.637
France,"Labor force, total",27398160,27582517,27705599,28039182,28620674,28778198,28867248,29052914,29300012,29512889,29790243,29884514,29908458,30175391,30427131,30406445,30521969,30573605,30547530,30691326,30652293,30379167,31271173,31616935,31825317
France,Military expenditure (current USD),32672714284.8488,28403138948.7059,27951566384.416,30578398932.8217,38569115812.9361,44524579612.5999,44442050523.1392,45792148415.5244,50684467384.4229,55365965844.831,56441455398.191,52044060565.0524,54120871009.5016,50216507403.1664,52001462447.6638,53134750898.8024,45647471640.5013,47370589552.6306,49195662250.3198,51409812838.5917,50118929211.9346,52747064858.0873,56646996215.7048,53638748769.4262,..
France,"Unemployment, total (% of total labor force) (national estimate)",11.981,10.218,8.61,8.702,8.307,8.914,8.882,8.833,8.009,7.386,9.122,9.279,9.228,9.841,9.913,10.273,10.354,10.057,9.41,9.018,8.415,8.01,7.874,7.308,7.335
France,High-technology exports (current US$),..,..,..,..,..,..,..,..,85771313939,98755787407,87885947635,105238742390,111877556068,114060869490,118708423591,120586813434,109607526938,108744117954,108779749957,117574883771,120534304793,87120395046,97528027435,95753974734,..
France,Researchers in R&D (per million people),2755.97729492188,2941.6220703125,3014.6865234375,3149.32836914062,3237.33740234375,3378.3291015625,3357.6337890625,3468.92919921875,3629.13891601562,3700.3896484375,3785.36303710938,3910.74584960938,3980.53857421875,4114.0244140625,4199.83740234375,4282.45703125,4386.236328125,4467.42822265625,4624.69677734375,4756.583984375,4870.4560546875,4986.18017578125,5175.00537109375,..,..
Germany,GDP (current US$),2194945278872.59,1947981991011.77,1945790973803.15,2078484517474.51,2501640388482.35,2814353869359.08,2846864211175.1,2994703642023.53,3425578382921.58,3745264093617.19,3411261212652.34,3399667820000.01,3749314991050.59,3527143188785.16,3733804649549.03,3889093051023.52,3357585719351.56,3469853463945.53,3690849152517.65,3974443355019.6,3889177589254.9,3887727161914.41,4278503934689.85,4082469490797.68,4456081016705.96
Germany,"Population, total",82100243,82211508,82349925,82488495,82534176,82516260,82469422,82376451,82266372,82110097,81902307,81776930,80274983,80425823,80645605,80982500,81686611,82348669,82657002,82905782,83092962,83160871,83196078,83797985,84482267
Germany,Exports of goods and services (current US$),591740399389.963,600907866067.452,619631436716.93,677431710710.589,820831063210.194,1005100437665.64,1083504344105.84,1240792802202.35,1484055036237.65,1640395346026.56,1300369599738.28,1447084701783.34,1689333965107.01,1633318434049.22,1695844705677.65,1774175599429.01,1575404010475.78,1598674707103.9,1740716687374.12,1880263808511.37,1832875313819.6,1690266347671.6,2022856127949.58,2078953894568.1,2100384852927.49
Germany,Imports of goods and services (current US$),579610797636.681,597608722042.354,587981680472.048,589090539832.942,726416498758.038,858739159387.261,935455113512.84,1078597057376.47,1252105739534.51,1412923892963.28,1129427855678.12,1268183214766.67,1505311912850.2,1418156159958.98,1480834348190.98,1516778572468.23,1320386910617.19,1342707789871.99,1479076878497.65,1637908324009.41,1601983696172.55,1464521566502.73,1791904793081.37,1998630503597.28,1914924576678.47
Germany,"Industry (including construction), value added (current US$)",606999120794.21,539832139038.432,526709873232.678,548277686693.334,655099098353.332,743125902472.975,750242418303.502,807803314704.705,933007744317.65,1005554043228.91,843802916544.14,912773159316.668,1014901022052.53,962345258894.531,1000010461981.57,1050482768178.82,910234389852.734,956586777019.847,1013592879414.12,1085272394465.1,1049732367317.65,1038309946252.14,1156654972538.74,1098273917994.17,1251350020011.79
Germany,"Labor force, total",40025495,39865801,40029198,40056637,40236914,40039826,41239999,41693116,41861246,41917490,41978630,41949335,41729225,41853628,42212988,42458390,42660629,43567225,43819028,43935038,44433744,43501190,43386527,44198105,44783712
Germany,Military expenditure (current USD),30690158425.5813,26497593164.3887,25815401959.2283,27611355672.4383,32997363017.1296,35776573894.1079,30324965179.3265,35883657972.6799,40110859276.4132,45098956311.5685,44528927835.6531,43025915011.688,45163212878.2034,43798225349.2896,44242647302.8936,44662831167.6836,38170021071.3098,39909678594.2478,42281112684.641,46497675955.7617,49079444693.2378,53318705117.9756,56513126773.8884,55759747827.0381,..
Germany,"Unemployment, total (% of total labor force) (national estimate)",8.854,7.917,7.773,8.482,9.779,10.727,11.193,10.277,8.732,7.508,7.88,7.043,5.967,5.372,5.316,4.98,4.612,4.104,3.781,3.384,3.163,3.881,3.594,3.12,3.068
Germany,High-technology exports (current US$),..,..,..,..,..,..,..,..,169493517000,183022564975,158680284909,179569601140,202276358704,202764810815,209260620547,215614575271,199429949286,205076595195,195686923998,209722667086,208148360615,182351776932,211891202239,223370841889,..
Germany,Researchers in R&D (per million people),3123.03759765625,3161.70849609375,3242.32666015625,3262.001953125,3303.97729492188,3323.9169921875,3349.95922851562,3446.71459960938,3583.2353515625,3727.23608398438,3905.90356445312,4035.21362304688,4162.4990234375,4325.220703125,4343.3173828125,4304.865234375,4733.3583984375,4862.625,5087.25439453125,5239.9716796875,5428.21533203125,5413.82421875,5535.9541015625,..,..
Italy,GDP (current US$),1252446659833.79,1146676894209.73,1168023426056.38,1276769338449.3,1577621707050.51,1806542968545.56,1858217147203.73,1949551719389.64,2213102482751.46,2408655348718.59,2199928804118.63,2136099955236.67,2294994296589.5,2086957656821.6,2141924094298.56,2162009615996.54,1836637711060.55,1877071687633.78,1961796197354.36,2091932426266.98,2011302198827.45,1897461635591.91,2154875493744.93,2066972096553.7,2254851212731.8
Italy,"Population, total",56916317,56942108,56974100,57059007,57313203,57685327,57969484,58143979,58438310,58826731,59095365,59277417,59379449,59539717,60233948,60789140,60730582,60627498,60536709,60421760,59729081,59438851,59133173,58940425,58761146
Italy,Exports of goods and services (current US$),290576914388.958,293867282501.648,299586464835.355,311627059267.452,367620453604.666,433747867067.607,457141717037.821,510265693771.411,605527905412.943,647031659500.391,492765610867.304,535606767650.001,616721503899.807,592262781313.008,613302332503.139,629335664494.076,545774938462.89,550505533785.41,602933211569.648,655895167113.49,635620162864.313,558466165047.005,691993324480.997,754597805307.396,790427802643.74
Italy,Imports of goods and services (current US$),268274689595.985,284121969413.177,284831774435.394,301961782874.981,360433739169.137,423101431530.04,458978118688.871,526275457690.588,613038536211.257,665513908098.437,506414812169.531,575297398933.334,648865091382.297,569227676736.094,561919570554.747,566733784835.488,490422560813.789,488784062761.869,546761283655.177,605614375522.274,568727083005.489,490179399575.41,645493652642.238,788285041850.976,759280562307.661
Italy,"Industry (including construction), value added (current US$)",309126220576.024,278749222854.275,281736657914.055,306801418316.785,370415550933.685,423073568118.148,432436696818.054,456213671137.058,526097053977.06,568475815479.062,481450020035.117,467074507425.001,499154457718.873,445462570706.836,453497990364.354,449664037270.43,383056218852.187,398276026624.554,417870535762.001,448722679367.608,432973222941.96,409072396537.744,499848645378.674,486650211163.815,521452716401.382
Italy,"Labor force, total",23420632,23493362,23598179,23868583,24218787,24606509,24448131,24509227,24473855,24816663,24612153,24546580,24567360,25127011,25287655,25689865,25654398,25932536,26103399,26164164,25907430,25126337,25087249,25342466,25668665
Italy,Military expenditure (current USD),21016456909.9333,19878720932.3752,19519381482.0449,21610059761.8936,26824213292.0407,30261076654.6845,29737642391.6828,29633022263.3135,31982431792.4882,36839989746.2189,34054481324.3999,32020819951.1287,33828804971.12,29781008205.1256,29957445904.5168,27701034334.9422,22180845070.4225,25033027894.6754,26447892915.4274,28420098438.4406,26380673981.1912,32929093810.5551,36249278618.7323,33489705251.2895,..
Italy,"Unemployment, total (% of total labor force) (national estimate)",11.707,10.856,9.623,9.231,8.888,7.881,7.745,6.79,6.088,6.737,7.764,8.381,8.377,10.678,12.175,12.717,11.929,11.725,11.242,10.639,9.982,9.19,9.532,8.092,7.627
Italy,High-technology exports (current US$),..,..,..,..,..,..,..,..,27766083022,29472787416,25662486010,29262023094,33747082856,29546747419,31874951728,32860989418,30088406455,31085832014,31878137337,32487105732,32548431190,32892825253,36845385469,43256520915,..
Italy,Researchers in R&D (per million people),1143.28564453125,1160.82788085938,1170.57885742188,1249.68591308594,1229.43029785156,1249.27490234375,1420.30737304688,1516.24230957031,1588.70642089844,1622.64306640625,1713.62329101562,1732.51831054688,1770.69445800781,1841.75354003906,1927.14660644531,1958.36315917969,2087.5576171875,2222.20849609375,2336.93896484375,2541.03833007812,2688.64672851562,2632.27978515625,2677.8408203125,..,..
Japan,GDP (current US$),4635982224063.88,4968359075956.59,4374711694090.87,4182846045873.61,4519561645253.53,4893116005656.56,4831467035389.8,4601663122649.92,4579750920354.81,5106679115127.3,5289493117993.89,5759071769013.11,6233147172341.35,6272362996105.03,5212328181166.18,4896994405353.29,4444930651964.18,5003677627544.24,4930837369151.42,5040880939324.86,5117993853016.51,5055587093501.59,5034620784584.98,4256410760723.75,4212945159781.4
Japan,"Population, total",126631000,126843000,127149000,127445000,127718000,127761000,127773000,127854000,128001000,128063000,128047000,128070000,127833000,127629000,127445000,127276000,127141000,127076000,126972000,126811000,126633000,126261000,125681593,125124989,124516650
Japan,Exports of goods and services (current US$),454583045085.983,519863963884.546,440830946383.947,454066577343.924,518203970379.571,625646760881.018,667510447457.861,720499607478.291,791798969881.999,880163893981.685,656932075524.126,859167320527.627,920913976671.968,904146988796.653,822722049495.078,852990577902.813,775051882733.212,803489014102.661,867405253150.188,923234601723.625,893782209080.495,785057625362.297,912549013982.719,916904220798.187,..
Japan,Imports of goods and services (current US$),385717972939.28,452064900176.773,414845357770.868,401205059495.326,445643407643.175,532277504089.913,599781161368.994,660752902210.073,711118565477.884,862718956651.3,633184104751.411,782080174983.161,961182364174.189,1007099152148.38,948362884511.706,980024678767.845,799671850411.581,763174802438.923,829947425329.105,922228472388.616,908591904960.75,798645128766.751,938755726387.128,1076957434698.96,..
Japan,"Industry (including construction), value added (current US$)",1523954671714.07,1615391753390.46,1355339347266.37,1264164832360.35,1359435365964.11,1466316674831.09,1443241678779,1365109678218.18,1355482427273.92,1469854246585.95,1434045704771.08,1631888858351.64,1664339807191.07,1666105291732.24,1389124295000.15,1337546773110.89,1270526150555.11,1432550285293.51,1424145454762.54,1462561583208.71,1474191290028.78,1469831084089.49,1473274075621.68,1145673995781.17,..
Japan,"Labor force, total",67983381,67817652,67626063,67075751,66836856,66578272,66666567,66782268,66892223,66726949,66456031,66231664,65813075,65518909,65768575,65973877,66061546,66669411,67225084,68386819,69045531,68898380,68881069,69113783,69349452
Japan,Military expenditure (current USD),43122898504.9207,45509673827.3094,40757967234.1581,39333708169.8408,42486177361.062,45339809414.6571,44300613329.9461,41552592885.5794,40530045688.4692,46361468280.4594,51465158207.5898,54655450735.305,60762213840.8911,60011530194.6974,49023932406.8581,46903466612.5187,42106103305.7928,46471287714.246,45058468760.6493,48535909410.587,50778006586.0079,51396536058.5254,50957471034.0305,45992092171.8933,..
Japan,"Unemployment, total (% of total labor force) (national estimate)",4.677,4.748,5.02,5.386,5.251,4.734,4.446,4.192,3.888,4.002,5.068,5.103,4.55,4.358,4.038,3.589,3.385,3.132,2.822,2.467,2.351,2.809,2.828,2.6,2.6
Japan,High-technology exports (current US$),..,..,..,..,..,..,..,..,128315042350,130246559587,103707828342,129808093675,133086554903,129203438507,111060297529,107367024290,98249840020,99101202201,106183786017,110741507162,103896710397,102751095238,116513861428,83102743949,..
Japan,Researchers in R&D (per million people),5211.033203125,5112.4794921875,5144.2158203125,4898.50927734375,5120.04052734375,5123.81494140625,5327.7236328125,5357.1826171875,5347.83984375,5128.1748046875,5117.22314453125,5119.994140625,5126.9033203125,5052.1494140625,5169.26513671875,5352.76220703125,5198.09765625,5235.15673828125,5331.271484375,5361.9658203125,5409.53564453125,5495.2509765625,5638.41796875,..,..
United Kingdom,GDP (current US$),1687830448147.55,1665534876683.31,1649827263567.01,1785729916067.15,2054422857142.86,2421525082387.4,2543180000000,2708441582336.71,3090510204081.63,2929411764705.88,2412840006231.5,2485482596184.71,2663805834828.07,2707089726614.64,2784853502534.29,3064708247921.43,2927911140916.73,2689106566899.61,2680148052335.3,2871340347581.79,2851407164907.81,2697806592293.86,3141506156618.7,3088839763445.02,3340032380668.04
United Kingdom,"Population, total",58682466,58892514,59119673,59370479,59647577,59987905,60401206,60846820,61322463,61806995,62276270,62766365,63258810,63700215,64128273,64602298,65116219,65611593,66058859,66460344,66836327,67081234,67026292,67791000,68350000
United Kingdom,Exports of goods and services (current US$),410232972011.001,427373278862.158,421484093853.462,437688848920.863,494222040816.326,582916514097.4,642700000000,745149954001.84,788437374949.98,805762867647.059,648608817572.831,717229317011.397,836104561850.802,828872120452.116,843516106640.604,875777609747.207,815304691846.949,777214710110.264,827907141571.723,906772479283.289,902036391533.849,801032485999.143,929801395238.219,1032613371395.66,1074576994056.37
United Kingdom,Imports of goods and services (current US$),427461575796.797,447394462097.14,449981286886.426,479812649880.096,537910204081.633,638784328084.951,697065454545.454,796344066237.351,848431372549.02,855172794117.647,678558965570.961,755985189200.566,857154298140.55,855641065409.249,883068333064.174,935305726198.978,859564412420.216,828192624115.954,863846532337.868,946466621329.184,941829862195.151,784591451435.635,934640027640.594,1114984699714.39,1116062868413.25
United Kingdom,"Industry (including construction), value added (current US$)",380994984630.319,376795279164.775,358255362026.774,380224820143.885,428160000000,490170267301.355,515420000000,545241950321.987,609995998399.36,585693014705.882,447697460663.655,462003310289.827,488154247492.113,495441895341.968,518589094919.097,558656325089.798,529781369151.171,473121380621.191,477203037543.326,513981373938.432,506376253971.334,469095126370.901,521880476802.053,514483073136.515,565608445024.837
United Kingdom,"Labor force, total",29238964,29511805,29521902,29839231,30095093,30341589,30813208,31317980,31527354,31927772,32084960,32236187,32478068,32778349,33061439,33331376,33614102,33939706,34128763,34415434,34695933,34633314,34311328,34797067,35275169
United Kingdom,Military expenditure (current USD),40760400666.5656,39343711272.5782,39512579943.6497,44245265998.3094,52343122277.0674,60250782544.7032,61653635038.462,64217619528.3273,73448032014.1665,72915407669.7404,64010506669.801,63979111970.2694,66569552573.1349,65452487554.2416,63837724855.4312,66995468654.2895,59990205719.3245,53327366087.7128,52075008432.0543,55832916405.2492,56567602040.8163,58332371794.8718,67500687757.9092,68462578611.6125,..
United Kingdom,"Unemployment, total (% of total labor force) (national estimate)",6.042,5.558,4.696,5.037,4.807,4.594,4.835,5.411,5.342,5.705,7.627,7.924,8.169,8.25,7.704,6.363,5.517,4.868,4.452,4.12,3.613,4.472,4.826,3.73,3.984
United Kingdom,High-technology exports (current US$),..,..,..,..,..,..,..,..,68857350336,67496532150,48644842352,66714274846,75783351756,73147759484,74696893576,76014219847,74578603459,73806480005,73689913071,75580036686,76894056310,58143796335,66699915640,72663086859,..
United Kingdom,Researchers in R&D (per million people),2862.7529296875,2903.8056640625,3089.00024414062,3346.2890625,3642.29638671875,3828.46997070312,4130.6025390625,4192.7626953125,4140.1416015625,4096.67138671875,4131.85888671875,4105.41650390625,3988.47729492188,4030.67236328125,4178.50146484375,4285.53515625,4397.22216796875,4448.35205078125,4491.31689453125,..,..,..,..,..,..
United States,GDP (current US$),9631172000000,10250952000000,10581929000000,10929108000000,11456450000000,12217196000000,13039197000000,13815583000000,14474228000000,14769862000000,14478067000000,15048971000000,15599732000000,16253970000000,16880683000000,17608138000000,18295019000000,18804913000000,19612102000000,20656516000000,21521395000000,21322950000000,23594031000000,25744108000000,27360935000000
United States,"Population, total",279040000,282162411,284968955,287625193,290107933,292805298,295516599,298379912,301231207,304093966,306771529,309327143,311583481,313877662,316059947,318386329,320738994,323071755,325122128,326838199,328329953,331526933,332048977,333271411,334914895
United States,Exports of goods and services (current US$),992910000000,1096111000000,1026812000000,997979000000,1035165000000,1176363000000,1301580000000,1470170000000,1659295000000,1835280000000,1582774000000,1857247000000,2115864000000,2217700000000,2287922000000,2378545000000,2270622000000,2235558000000,2388260000000,2538089000000,2538450000000,2150112000000,2550038000000,2995046000000,..
United States,Imports of goods and services (current US$),1252460000000,1477184000000,1403559000000,1437724000000,1557120000000,1810504000000,2041482000000,2256623000000,2395228000000,2576151000000,2001927000000,2389555000000,2695480000000,2769317000000,2766375000000,2887445000000,2794942000000,2738830000000,2931589000000,3131166000000,3116954000000,2776503000000,3408277000000,3966165000000,..
United States,"Industry (including construction), value added (current US$)",2172657910000,2301500414000,2271834974000,2257131284000,2376006127000,2559506441000,2765127763000,2982365475000,3100941316000,3071171493000,2789702655000,2905993746000,3027517601000,3114685522000,3240903821000,3392812407000,3383977115000,3373013267000,3590729593000,3825493014000,3908533954000,3687357961000,4169821339000,..,..
United States,"Labor force, total",144105404,146165416,147200475,148166550,148886198,150113013,152044690,154154002,155503665,157246174,157377606,157357516,157443452,158452840,158809862,159540139,160644681,162448669,163971527,165307010,167100511,165649358,166198588,168181985,170548899
United States,Military expenditure (current USD),298094891322.404,320086324211.196,331805610572.137,378463138753.841,440532069586.192,492999376159.397,533203000000,558335000000,589586000000,656756000000,705917000000,738005000000,752288000000,725205000000,679229000000,647789000000,633829639000,639856443000,646752927000,682491400000,734344100000,778397200000,806230200000,876943200000,..
United States,"Unemployment, total (% of total labor force) (national estimate)",4.219,3.992,4.731,5.783,5.989,5.529,5.084,4.623,4.622,5.784,9.254,9.633,8.949,8.069,7.375,6.168,5.28,4.869,4.355,3.896,3.669,8.055,5.349,3.65,3.638
United States,High-technology exports (current US$),..,..,..,..,..,..,..,..,240506015844,243004983889,150884049387,166039756444,166463697491,169065944865,169222381420,175881164582,175243750732,173921742498,154545029027,153808462622,153923490830,141538563122,169217253983,166435572426,..
United States,Researchers in R&D (per million people),3477.54296875,3478.96069335938,3515.9072265625,3561.70263671875,3763.71923828125,3624.34448242188,3547.88354492188,3585.5830078125,3534.15112304688,3661.42553710938,3785.63500976562,3549.27587890625,3663.78662109375,3649.93872070312,3735.77661132812,3836.59814453125,3874.78662109375,3830.46264648438,3958.56396484375,4261.9892578125,4308.8740234375,4451.78125,..,..,..
Brazil,GDP (current US$),599642024319.531,655448231983.527,559983634798.981,509795273806.715,558233745651.874,669289424806.307,891633839853.105,1107626541710.74,1397114486471.38,1695855083552.05,1666996438681.46,2208837745214.23,2616156223977.47,2465227803011.57,2472819535742.73,2456043727198.85,1802212206904.68,1795693482652.52,2063514977334.32,1916933898038.36,1873288205186.45,1476107231194.11,1670647399034.67,1951923942083.32,2173665655937.27
Brazil,"Population, total",173486281,175873720,178211881,180476685,182629278,184722043,186797334,188820682,190779453,192672317,194517549,196353492,198185302,199977707,201721767,203459650,205188205,206859578,208504960,210166592,211782878,213196304,214326223,215313498,216422446
Brazil,Exports of goods and services (current US$),57355149556.2405,66777380518.3383,69279555096.2874,72546876638.2809,84744257516.308,110739032053.055,135919140236.363,159213742531.583,186202879575.236,229517035697.556,180891970353.521,240003137741.747,303016626325.823,292808395453.514,290364173324.942,270458130850.098,232488824444.589,223863343103.297,258330777006.501,280543266303.121,264562979421.068,242872071018.291,319251201403.084,383177602116.201,393656923982.556
Brazil,Imports of goods and services (current US$),68462738259.9027,81614535020.0582,81559232850.0804,68250204101.3395,72344866164.6317,87894373254.5582,105595891948.291,129231037310.712,167163857933.354,232731840904.542,187613855712.734,262997327803.632,323144804340.432,326315660071.406,347276016899.117,335826230156.841,253272712377.634,216686387069.85,243510584262.84,272994464677.427,276634813667.029,233941246230.247,309853308958.678,374482483050.831,342214686307.41
Brazil,"Industry (including construction), value added (current US$)",130402419549.123,150796475063.449,126777651308.801,114680118053.817,128861660842.086,162681659207.711,215530887943.181,260779832963.044,323088039698.869,391493127643.806,364715359892.929,513951866359.486,604385744209.36,545644828626.126,524851246864.114,502812637104.369,348909075885.568,329595198167.566,375322469307.251,359406922854.817,351328226218.421,287931224095.225,369605262901.293,445418441741.528,483927141907.504
Brazil,"Labor force, total",77242077,79347235,81451849,84252471,85732532,88065748,90599379,91731711,92730992,93935308,95703669,95367508,94948394,97188186,98532617,99628945,101474161,102923211,104715941,106048382,107999623,101755860,106047171,108750811,108695239
Brazil,Military expenditure (current USD),9866973918.50843,11344032534.9018,10930231568.3746,9664561903.32699,8392905884.03499,9780111585.16574,13588619736.3611,16404867307.489,20485758014.6477,24452903035.8224,25648809910.8246,34002944470.0238,36936209895.8053,33987005074.0629,32874787230.5887,32660239369.4525,24617701683.0655,24224746901.4667,29261833096.6693,28177406872.2637,25906871196.7546,19591209004.4634,19187122475.4493,20210787436.7977,..
Brazil,"Unemployment, total (% of total labor force) (national estimate)",11.125,..,10.649,10.641,11.169,10.072,10.551,9.692,9.28,8.268,9.419,..,7.578,7.251,7.071,6.755,8.538,11.58,12.792,12.33,11.936,13.697,13.159,9.231,7.947
Brazil,High-technology exports (current US$),..,..,..,..,..,..,..,..,9536332523,10794672124,8460823303,8821366143,9144341214,9470908285,9066226856,8794610139,9433008382,10375405524,10715074507,11062943508,9391878589,5944927304,6350114829,7651750559,..
Brazil,Researchers in R&D (per million people),..,295.399658203125,337.668243408203,398.786346435547,423.769348144531,483.904205322266,509.993774414062,544.226989746094,556.047180175781,591.601379394531,626.438659667969,687.111022949219,738.616455078125,789.245910644531,839.210388183594,888.4638671875,..,..,..,..,..,..,..,..,..
India,GDP (current US$),458821052615.79,468395521654.458,485440139204.171,514939140318.756,607700687237.318,709152728830.775,820383763511.445,940259888787.721,1216736438834.96,1198895139005.92,1341888016994.9,1675615519484.96,1823051829895.13,1827637590410.95,1856721507621.46,2039126479155.27,2103588360044.39,2294796885663.67,2651474262755.59,2702929641648.14,2835606256558.84,2674851578586.86,3167270623260.52,3353470496885.95,3549918918777.53
India,"Population, total",1040500054,1059633675,1078970907,1098313039,1117415123,1136264583,1154638713,1172373788,1189691809,1206734806,1223640160,1240613620,1257621191,1274487215,1291132063,1307246509,1322866505,1338636340,1354195680,1369003306,1383112050,1396387127,1407563842,1417173173,1428627663
India,Exports of goods and services (current US$),52544483402.6936,60878472821.2004,60963415576.6447,73452895951.6331,90838575243.7621,126648472020.752,160838260680.778,199973922363.783,253077526013.168,288902044820.698,273752124889.211,375353514026.267,447384417625.093,448400477361.254,472180271340.149,468345815420.933,416787940847.812,439642578076.358,498258808231.521,538635186135.438,529245063167.215,499728529072.629,677769255428.552,778021514754.531,777135587444.319
India,Imports of goods and services (current US$),61314704757.0345,65124245375.0531,65218276482.1322,78498759285.7313,95071869378.5573,139310848797.436,183736617243.328,229955027127.372,302803952552.5,350926955799.106,347177967968.316,449974370198.802,566667744819.908,571306554042.386,527555307105.956,529239428328.665,465097595426.184,480169055768.282,582018012521.568,640300806738.542,602315056052.526,510244747372.174,760902891806.013,897550749081.828,850641682919.727
India,"Industry (including construction), value added (current US$)",121676100889.507,127992956375.623,128582303210.953,142435534742.107,166960337787.842,207208089703.95,242290206180.526,290796431898.695,376010960580.956,373296613425.728,417613963090.951,514834179172.009,549863054847.047,537298543208.979,527399879349.283,563949000104.328,575276543905.867,610851981617.316,702641121007.338,713900260981.731,697317412399.622,672000442587.85,838266427187.004,847893585862.727,887788762594.144
India,"Labor force, total",380920030,393669897,399564197,405389781,411069163,416629768,421959547,431250073,440568412,449860965,459168942,468646281,472419461,476025371,483634725,490933119,497800426,504122684,510055221,515366255,520273563,520521842,535026237,554145127,593729164
India,Military expenditure (current USD),13895562461.387,14287514240.7035,14600642346.0997,14749667251.5907,16333986643.282,20238566526.5411,23072312925.1701,23951927958.1522,28254773450.0647,33002376727.3797,38722154392.1843,46090445656.5003,49633815793.7027,47216920048.2061,47403528801.4226,50914096277.083,51295483753.9436,56637622640.8741,64559435280.6927,66257801718.275,71468900524.3041,72937064047.7993,76348538793.9209,81363188268.8034,..
India,"Unemployment, total (% of total labor force) (national estimate)",..,2.731,..,..,..,..,3.804,..,..,..,..,3.115,..,3.222,..,..,..,..,..,7.652,6.51,7.859,6.38,4.822,4.172
India,High-technology exports (current US$),..,..,..,..,..,..,..,..,..,..,11215083873,10659474981,14503888164,13873821378,17938424107,18326340971,14583513323,14261348931,15101761889,20182210999,23470537791,21583196861,27446653652,35219086846,..
India,Researchers in R&D (per million people),..,110.414001464844,..,..,..,..,135.144683837891,..,..,..,..,156.498077392578,..,..,..,..,215.187744140625,..,..,251.013977050781,..,260.383270263672,..,..,..
China,GDP (current US$),1094003874937.34,1211331651866.09,1339400897105.11,1470557654799.95,1660280543846.79,1955346768721.39,2285961149879.85,2752118657184.02,3550327802998.4,4594336785737.67,5101691124285.21,6087191746679.49,7551545703440.75,8532185381680.59,9570471111831.68,10475624944355.2,11061572618578.7,11233313730348.7,12310491333980.9,13894907857880.6,14279968506271.7,14687744162801,17820459508852.2,17881783387000.9,17794781986104.5
China,"Population, total",1252735000,1262645000,1271850000,1280400000,1288400000,1296075000,1303720000,1311020000,1317885000,1324655000,1331260000,1337705000,1345035000,1354190000,1363240000,1371860000,1379860000,1387790000,1396215000,1402760000,1407745000,1411100000,1412360000,1412175000,1410710000
China,Exports of goods and services (current US$),198699399635,253092089737,272060010515.89,333002310923.451,447958253781.62,607356934124.72,773339005396.99,991731387760.501,1258056795940.68,1497868782939.59,1262664161019.72,1654823329662.59,2006308960971.16,2175069254660.16,2354264539607.02,2462825804847.21,2362097053268.77,2199974853564.98,2424216052103.13,2655609176082.54,2628941104664.36,2729884575161.69,3554107780955.9,3717887818650.36,3513236885528.64
China,Imports of goods and services (current US$),168058444268.42,224306238158.48,243973790217.759,295619639659.43,412137124715.32,556182551584.76,648712207879.781,782812463259.9,950020767157.33,1149036249785.66,1042533759652.94,1432422435981.3,1825413639210.14,1943205232868.96,2119392421425.71,2241276198981.82,2003260696070.09,1944490534272.25,2208518918635.89,2564121910991.73,2496153305898.83,2374737462771.46,3093278397248.66,3140040863531.48,3127201616052.47
China,"Industry (including construction), value added (current US$)",496238663727.237,551593230818.032,599963366713.914,653671223470.172,757466220411.966,897508305660.605,1074917875730.22,1308836011266.41,1664541695519.65,2158013850478.98,2344591704077.16,2830412139429.02,3513680559814.57,3875572922800.49,4227918745809.63,4513482520281,4517694479123.13,4446215389771.78,4905939884031.9,5514473724406.01,5510269346511.52,5558256838203.64,7001796115584.26,7032489070317.19,6812381934608.11
China,"Labor force, total",722366758,731993935,739359562,747567965,755273046,762251057,769371812,774287037,776045127,776378230,775599063,774058132,778323480,778937997,779042510,780062420,780709584,780524312,778674707,776278514,775321104,763684716,780370660,781808304,779245529
China,Military expenditure (current USD),20473915094.7667,22237140151.2145,26561462998.2924,30284127409.9972,33144000481.4458,37904571826.996,42789953650.9024,51453373233.8486,62136590754.5887,78840802819.8629,96601666752.9542,105522648101.838,125286373164.011,145127609596.207,164070469321.744,182109204619.08,196538827230.79,198538361427.554,210443034740.968,232530595985.266,240332555458.151,257973429833.565,285930518056.053,291958428460.21,..
China,"Unemployment, total (% of total labor force) (national estimate)",3.1,3.707,3.6,4,4.3,4.2,4.2,4.1,4,4.2,4.3,4.1,4.1,4.1,4.05,4.1,..,..,3.9,4.93,5.15,5.61,5.11,..,..
China,High-technology exports (current US$),..,..,..,..,..,..,..,..,342573982177,390966877665,359238436559,474347228702,540167515628,593857571482,655897281624,653847619827,652212458371,594520851399,654156803837,731318634577,715302940183,757458883661,942314815525,769699283036,..
China,Researchers in R&D (per million people),424.453399658203,551.807250976562,585.474548339844,634.764343261719,670.921508789062,716.477600097656,859.976135253906,934.930725097656,1080.57360839844,1201.11877441406,863.442993164062,901.1259765625,974.421875,1031.2236328125,1081.96459960938,1104.08312988281,1164.94030761719,1210.74108886719,1237.74194335938,1319.35595703125,1485.81750488281,1601.92211914062,1687.05676269531,..,..
South Africa,GDP (current US$),151516957078.536,151752757215.309,135429905922.526,129087556612.449,197018965308.697,255806908594.573,288867217196.534,303858675363.643,333077117253.684,316131258616.309,329754060647.129,417363822801.713,458199494830.834,434400545085.811,400886013595.573,381198869776.106,346709790458.563,323585509674.481,381448814653.456,405260723892.517,389330032224.269,338291396026.698,420117812466.041,405270850098.738,377781600985.873
South Africa,"Population, total",46364681,46813266,47229714,47661514,48104048,48556071,49017147,49491756,49996094,50565812,51170779,51784921,52443325,53145033,53873616,54729551,55876504,56422274,56641209,57339635,58087055,58801927,59392255,59893885,60414495
South Africa,Exports of goods and services (current US$),33741638410.0523,37034203153.1617,35694800701.716,36701099077.7029,47117624127.3835,58215305278.4397,68171982951.6578,79301796383.6635,93124912619.8572,101967105838.93,82381621006.4253,107610657455.818,126912776368.754,117892612029.379,113768565563.408,110550033012.43,96085897668.3633,91109021408.9525,104288394992.827,111434691806.498,105906059178.622,93122660983.085,130704196369.932,135921544367.023,124755265328.74
South Africa,Imports of goods and services (current US$),30286845828.5512,33107016485.1348,30897364104.6692,32316210606.3261,42967056805.1894,58544113474.1233,68831329348.0066,84077365459.513,97145854047.3063,106598986614.936,81135290312.0889,102766114850.772,123430705322.531,123558580031.425,122253185705.996,116261670807.052,100591042327.088,89649913398.7817,99923782384.0035,109373822794.536,103935027605.427,78346568941.6284,104917302237.724,127750651146.107,123532082833.159
South Africa,"Industry (including construction), value added (current US$)",41918078629.881,42839432346.1619,38640336810.203,36797590474.3753,52984050402.7298,67286519808.2943,75149035527.0242,75536585543.4259,84250585484.2155,85170680418.6257,84888839067.9179,105607500892.611,113814422971.515,106291732798.207,98424498839.4023,92651460302.0914,82282235249.8294,76956844528.4456,90062187885.4344,95386463140.2654,91967599718.6407,78993238982.314,103421569919.853,100009242128.796,92823858801.0001
South Africa,"Labor force, total",18179270,18541865,18926590,19314482,19692815,20050904,20382896,20703758,21021772,21338378,21088301,19990943,21055801,21285409,21678833,21981198,23120551,23430091,23776332,23771537,24142655,22920638,23621462,24366735,25158403
South Africa,Military expenditure (current USD),1738036625.04829,1891725013.43693,1802262236.357,1766082897.72027,2574176278.13213,3099065125.41623,3566963815.37049,3506139657.83314,3526748772.59817,3286227700.02494,3592687702.02285,4188168092.20321,4594154077.94655,4489590095.94432,4118208483.42734,3892485091.06944,3488867947.83997,3139312128.41824,3591507613.36993,3622918742.55151,3435429787.52855,3231017731.35778,3393856591.77044,2995329364.67028,..
South Africa,"Unemployment, total (% of total labor force) (national estimate)",25.37,29.88,25.371,27.18,27.116,24.673,23.84,22.616,22.326,19.507,20.512,23.181,21.416,21.786,22.038,22.606,22.869,24.023,23.992,24.218,25.538,24.339,28.77,28.838,27.989
South Africa,High-technology exports (current US$),..,..,..,..,..,..,..,..,1932918417,2087704760,1482818276,2504733101,2743376672,2860653042,2613566643,2806863732,2818226377,2397477040,2197945701,2091401860,1832830758,1835041126,2418168759,2475526790,..
South Africa,Researchers in R&D (per million people),..,..,301.618194580078,..,295.111175537109,370.710571289062,354.661987304688,377.135101318359,388.452178955078,385.714691162109,389.045135498047,363.729705810547,386.053802490234,405.105041503906,436.311157226562,434.588989257812,473.734161376953,489.200805664062,524.1455078125,510.973571777344,491.409973144531,472.680908203125,..,..,..
Russian Federation,GDP (current US$),195907128350.934,259710142196.943,306602070620.5,345470494417.863,430347420184.885,591016690732.385,764015973481.11,989932071352.543,1299703478481.65,1660848058303.11,1222645900055.7,1524916715223.95,2045922753398.04,2208293553878.42,2292470078346.22,2059241589895.01,1363482182197.71,1276786350881.14,1574199360089,1657328773461.31,1693115002708.32,1493075894362.14,1843392293734.38,2266029240645.34,2021421476035.42
Russian Federation,"Population, total",147214776,146596869,145976482,145306497,144648618,144067316,143518814,143049637,142805114,142742366,142785348,142849468,143018195,143378447,143805638,144237223,144640716,145015460,145293260,145398106,145453291,145245148,144746762,144236933,143826130
Russian Federation,Exports of goods and services (current US$),84670999187.6523,114429434767.153,113116215289.681,121649122807.018,151697387187.714,203415480735.856,268957047128.595,333908794239.615,392043343368.837,520004224863.321,341584048925.976,445512969856.508,573991024064.42,594192620575.645,592496613389.693,558282985966.489,391365600741.085,330106509740.16,410722481424.915,510345505266.608,481410680627.341,381065599584.428,548800273711.107,635070991226.071,466604779915.476
Russian Federation,Imports of goods and services (current US$),51275385865.1503,62417348027.0174,74250942749.4001,84408293460.925,102759593086.478,130992710864.283,164341230419.182,207914704586.723,279982932541.908,366597425851.134,250605238920.116,322366550354.214,408776142105.219,447048493877.933,468622436736.16,426062113844.975,281640332372.515,263830495058.506,327207464722.169,344519598182.381,352088733268.664,305255226176.837,376517053315.285,345183909186.928,378926011232.614
Russian Federation,"Industry (including construction), value added (current US$)",65621445978.879,88091006043.3701,97613986972.9174,100381263907.496,123308027251.379,187365425876.432,249292545064.173,314602991913.709,405793950356.214,511323326939.036,358564617607.653,457468735242.443,601779306625.024,642676759642.425,646276869150.072,575177621924.859,406236699281.971,372488437913.466,482858843287.281,539531748632.116,544344868453.536,443699223622.891,578863382295.399,727294243543.347,619515845111.355
Russian Federation,"Labor force, total",72911625,73291467,72125695,72976674,72836706,73604595,74017719,74391175,75368783,75918125,75954036,75870233,76104185,76005341,75771697,75645949,75405173,75532228,75021883,74975854,74132155,73659292,74031444,73798702,72407755
Russian Federation,Military expenditure (current USD),6469035211.35342,9228204143.73676,11683151344.7726,13943825063.4002,16973739085.1036,20955413570.6279,27336977273.6915,34517781618.918,43534994996.2472,56183785393.2539,51532116797.5199,58720227608.7579,70237523951.4946,81469399931.2577,88352896463.5598,84696504653.4978,66421822179.9206,69245294552.8466,66913033536.7831,61609204756.4171,65201335848.3565,61712537168.9371,65907705047.1045,86373102251.4131,..
Russian Federation,"Unemployment, total (% of total labor force) (national estimate)",13.036,10.581,8.978,7.875,8.21,7.763,7.124,7.055,6.002,6.205,8.301,7.369,6.536,5.436,5.458,5.16,5.571,5.559,5.212,4.846,4.496,5.589,4.749,3.867,3.076
Russian Federation,High-technology exports (current US$),..,..,..,..,..,..,..,..,4321061555,5470082684,4756271283,5263180850,5731651464,7709720644,9200859430,10399907502,11449519430,11205912967,10359155449,10075334763,10756539589,6524883012,10553177551,..,..
Russian Federation,Researchers in R&D (per million people),3368.71264648438,3441.99560546875,3450.99829101562,3371.53125,3355.68212890625,3302.67407226562,3224.37182617188,3235.55078125,3276.58129882812,3153.67724609375,3090.63232421875,3086.45458984375,3124.333984375,3089.55810546875,3064.15551757812,3086.5908203125,3109.76318359375,2959.9658203125,2825.53955078125,2787.24633789062,2749.4853515625,2724.9072265625,2675.5546875,2697.892578125,..
Saudi Arabia,GDP (current US$),161717066666.667,189514933333.333,184137600000,189605866666.667,215807733333.333,258742133333.333,328459608764.111,376900133511.348,415964509673.115,519796800000,429097866666.667,528207200000,676634666666.667,741849866666.667,753864533333.333,766605866666.667,669484266666.667,666000000000,714994666666.667,846583733333.333,838564800000,734271200000,874156000000,1108571466666.67,1067582933333.33
Saudi Arabia,"Population, total",21009660,21547390,22085929,22623415,23150847,23661808,24397644,25382870,26400068,27437353,28483797,29411929,30150945,30821543,31482498,32125564,32749848,33416270,34193122,35018133,35827362,35997107,35950396,36408820,36947025
Saudi Arabia,Exports of goods and services (current US$),56061600000,82259466666.6667,72980533333.3333,77641333333.3333,98956800000,131920533333.333,187388647220.517,225506542056.075,249318478985.991,322853600000,202056266666.667,261830933333.333,376224266666.667,399419733333.333,387644000000,354541333333.333,218010400000,200860000000,239993333333.333,314916533333.333,285860000000,182848000000,286501600000,445881600000,370976533333.333
Saudi Arabia,Imports of goods and services (current US$),37485333333.3333,46926133333.3333,44058400000,44830400000,51744266666.6667,62350400000,81797389981.5858,113494793057.41,145279252835.223,176684800000,162069066666.667,174202933333.333,197977333333.333,215206133333.333,229900800000,255382933333.333,247307200000,198110133333.333,201975733333.333,209589333333.333,218940800000,182183733333.333,213015733333.333,258212800000,292280800000
Saudi Arabia,"Industry (including construction), value added (current US$)",75723733333.3333,101296266666.667,93507466666.6667,96704000000,116458400000,146721333333.333,202781884657.468,235702002670.227,260782388258.839,345297600000,234480533333.333,306526666666.667,427432266666.667,461492266666.667,447396266666.667,433708266666.667,298854400000,282543200000,321361333333.333,415960533333.333,386140800000,289820800000,386146133333.333,589057333333.333,501482933333.333
Saudi Arabia,"Labor force, total",6656494,7079451,7333273,7625337,7948017,8227971,8558784,8989951,9448425,9918243,10384920,11036836,11614140,12176429,12635859,12977992,13441489,13967604,13926541,14523667,15485557,15995144,16336779,16617140,16933906
Saudi Arabia,Military expenditure (current USD),18320000000,19964266666.6667,21026666666.6667,18501866666.6667,18747466666.6667,20910400000,25392038600.7238,29580507343.1242,35469513008.6724,38222933333.3333,41267200000,45244533333.3333,48530933333.3333,56497866666.6667,67020000000,80762400000,87185866666.6667,63672800000,70400000000,74612266666.6667,65362666666.6667,64558400000,63194666666.6667,75013333333.3333,..
Saudi Arabia,"Unemployment, total (% of total labor force) (national estimate)",4.346,4.57,4.618,5.265,5.563,5.822,6.051,6.254,5.734,5.085,5.377,5.55,..,5.622,5.6,5.877,5.6,5.6,5.89,6.029,5.636,7.66,6.621,5.589,4.886
Saudi Arabia,High-technology exports (current US$),..,..,..,..,..,..,..,..,130907310,180686087,209615935,202105315,213847737,258048046,289531029,254585412,278105529,421118918,261725660,252680855,270579691,217407451,158436055,..,..
Saudi Arabia,Researchers in R&D (per million people),..,..,..,..,..,..,..,..,..,..,..,..,..,..,..,..,..,..,..,..,..,435.440582275391,692.339599609375,834.805725097656,..
Argentina,GDP (current US$),283523000000,284203750000,268696750000,97724004251.8602,127586973492.177,164657930452.787,198737095012.282,232557260817.308,287530508430.568,361558037110.419,332976484577.619,423627422092.49,530158122010.442,545982375701.128,552025140252.246,526319673731.638,594749285413.212,557532320662.955,643628393281.364,524819892360.176,447754683615.225,385740508436.965,487902572164.348,631133384439.944,640591410663.883
Argentina,"Population, total",36653031,37070774,37480493,37885028,38278164,38668796,39070501,39476851,39876111,40273769,40684338,40788453,41261490,41733271,42202935,42669500,43131966,43590368,44044811,44494502,44938712,45376763,45808747,46234830,46654581
Argentina,Exports of goods and services (current US$),27862300000,31223690400,31112418400,27736610298.2555,33084505277.8061,39266996605.7973,46198180131.0044,53550250227.3909,65162321195.025,79762958392.3012,65133480388.4946,80208867995.7171,97809980730.5834,88655850853.7721,80690471898.442,75818867911.0825,63671789068.8987,69842604407.3878,72860557902.7631,75766598613.0197,80259482469.139,64053810078.3073,87805815481.4708,102871975261.165,82760724361.7036
Argentina,Imports of goods and services (current US$),32762700000,33070146000,27603881800,13065823829.1753,18772898618.6064,27736672323.6712,34392237786.5721,40480743015.8524,52567536062.3157,66316154417.0834,48268743529.5373,67937933972.3653,88838309449.3132,78013690406.706,81240190816.9153,73691675720.0984,70064879911.7042,75639254067.6608,89910495566.9384,85681309473.2328,65845624691.108,52454091268.1886,72860619870.7238,96884984785.9956,90018415643.8866
Argentina,"Industry (including construction), value added (current US$)",74264967000,73866930600,67828286700,29862244294.3788,41650893934.7656,47449347396.6465,56891104939.9563,67914347258.316,78827167842.031,94990190458.2193,84190456294.3594,107003102712.487,133667164135.528,133378346124.392,132518500700.684,127776703489.575,137702635919.615,122958775736.16,140195929699.173,124485138945.759,103690347876.497,86440113649.2014,116692842836.2,152505208477.489,160573125827.585
Argentina,"Labor force, total",16410324,16588444,16651214,16491672,16951795,17425150,17545905,17877291,17924078,17966575,18324357,18255867,18663922,18835226,18964106,19049721,19229476,19404277,19580710,20103008,20607477,19406591,21191985,21511126,21906419
Argentina,Military expenditure (current USD),3461730865.43272,3266633316.65833,3183591795.89795,1114172482.91036,1374873734.32668,1465809188.24616,1699579151.82907,1847553129.83947,2296448241.88781,2788980204.56974,2981852290.09382,3475348407.46349,4051930104.57065,4563217858.77234,5137974300.9699,4979442724.4582,5482616700.96393,4509647660.05234,5459643672.45401,3842852365.3176,3132654926.06745,2830929705.21542,3073433322.80813,2577581833.22657,..
Argentina,"Unemployment, total (% of total labor force) (national estimate)",14.05,15,17.32,19.59,15.36,13.522,11.506,10.078,8.47,7.837,8.645,7.714,7.18,7.217,7.1,7.268,..,..,8.347,9.221,9.843,11.461,8.736,6.805,6.139
Argentina,High-technology exports (current US$),..,..,..,..,..,..,..,..,1202087337,2014770885,1607438723,1686223647,1926288755,1654528414,1791005926,1509995248,1475175631,1333425811,1487360178,647172447,561915855,546445789,466425814,663679612,..
Argentina,Researchers in R&D (per million people),713.571044921875,716.688354492188,688.242736816406,692.160827636719,718.546325683594,766.083251953125,819.905700683594,892.21337890625,974.809265136719,1036.21911621094,1035.80163574219,1123.91479492188,1181.04553222656,1203.98205566406,1198.98364257812,1207.83972167969,1231.48657226562,1260.70104980469,1212.45727539062,1227.40417480469,1231.51708984375,1256.26721191406,1283.79870605469,..,..
United Arab Emirates,GDP (current US$),84445473110.9598,104337372362.151,103311640571.818,109816201497.617,124346358066.712,147824370319.946,180617467964.602,222116541865.214,257916133424.098,315474615738.598,253547358747.447,300189052688.904,360832739550.715,384610125391.423,400218529748.128,414105366752.893,370275469571.137,369255326235.534,390516804029.952,427049432157.931,417989721742.682,349473015330.157,415178792756.978,507063968277.74,504173451327.434
United Arab Emirates,"Population, total",3097563,3275333,3454198,3633655,3813443,3993339,4280993,4898954,5872624,6988685,7992644,8481771,8575205,8664969,8751847,8835951,8916899,8994263,9068296,9140169,9211657,9287289,9365145,9441129,9516871
United Arab Emirates,Exports of goods and services (current US$),..,..,50787202178.3526,54362695711.3683,69538461538.4615,93968596324.03,122070878148.4,152433690946.222,186690265486.726,248808168822.328,201958883594.282,238328114363.513,315867937372.362,375513955071.477,392244520081.688,401366643975.494,361252552756.978,360626276378.489,384043567052.417,392863172226.004,404046289993.193,335237576582.709,..,..,..
United Arab Emirates,Imports of goods and services (current US$),..,..,42053369639.2104,47845064669.8434,57668073519.401,78428046289.9932,93862491490.8101,112930428863.172,166134240980.259,219714363512.594,187139823008.85,178610755616.065,215973042886.317,239748672566.372,252509462219.197,277888359428.182,266276378488.768,270442477876.106,290782845473.111,281535738597.685,295599807270.252,246886262682.097,..,..,..
United Arab Emirates,"Industry (including construction), value added (current US$)",35484547311.096,50621375085.0919,51321443158.6113,52212933968.6862,61080190605.8543,76393192648.0599,100501837985.024,128612389380.531,141441797140.912,183031994554.118,131958611300.204,155133077957.794,205952938189.244,217566493179.033,216933711368.278,215292194472.43,160530133995.916,151500186385.296,166079122178.353,200367141946.903,186107900694.35,147386900013.615,195712476378.489,260957751286.59,..
United Arab Emirates,"Labor force, total",1770008,1895208,2027836,2166348,2309920,2458656,2671414,3097126,3769133,4557619,5298911,5685095,5782838,5879032,5973682,6066398,6155854,6244154,6328526,6404956,6479503,6491560,6462165,6588824,6668172
United Arab Emirates,Military expenditure (current USD),4233083730.42886,5875833900.61266,5797957794.41797,5354118447.92376,5834717494.89449,6816882232.81144,6604220558.20286,7165418652.14432,8460993873.38325,11571681415.9292,13836351259.3601,17504697072.8387,19181756296.8005,19024098025.8679,23561061946.9027,22755071477.1954,..,..,..,..,..,..,..,..,..
United Arab Emirates,"Unemployment, total (% of total labor force) (national estimate)",..,2.25,..,..,..,..,3.12,..,..,..,..,..,..,..,..,..,..,1.64,2.462,2.236,2.331,4.294,3.105,2.873,..
United Arab Emirates,High-technology exports (current US$),..,..,..,..,..,..,..,..,..,211033592,..,..,..,493096250,401347906,1465448357,903527788,484009003,527367400,643615781,670369236,1202163087,2904969194,3213488119,..
United Arab Emirates,Researchers in R&D (per million people),..,..,..,..,..,..,..,..,..,..,..,..,..,..,..,..,2066.50634765625,2490.70239257812,..,2516.42529296875,2536.50708007812,2612.33276367188,2666.01538085938,..,..
"Egypt, Arab Rep.",GDP (current US$),90710704806.8416,99838543960.0763,96684636118.5984,85146067415.7303,80288461538.4615,78782467532.4675,89600665557.4043,107426086956.522,130437828371.278,162818181818.182,189147005444.646,218983666061.706,235989672977.625,279116666666.667,288434108527.132,305595408895.265,329366576819.407,332441717791.411,248362771739.13,262588632526.73,318678815489.749,383817841547.099,424671765455.704,476747720364.742,395926075163.006
"Egypt, Arab Rep.","Population, total",69907887,71371371,72854261,74393759,75963322,77522427,79075310,80629670,82218755,83844783,85501064,87252413,89200054,91240376,93377890,95592324,97723799,99784030,101789386,103740765,105618671,107465134,109262178,110990103,112716598
"Egypt, Arab Rep.",Exports of goods and services (current US$),13653789442.6423,16174959635.99,16900269541.779,15595505617.9775,17500000000,22240259740.2597,27188019966.7221,32173913043.4783,39457092819.6147,53800000000,47205081669.6915,46751361161.5245,48537005163.5112,45766666666.6667,49085271317.8295,43529411764.7059,43423180592.9919,34392638036.8098,37289402173.913,47225661226.7867,53041002277.9043,47872738615.0967,44850223072.0204,71927051671.7325,75645997561.7681
"Egypt, Arab Rep.",Imports of goods and services (current US$),21144205249.189,22779979451.0495,21590296495.9569,19303370786.5169,19576923076.9231,23311688311.6883,29217970049.9168,33913043478.2609,45429071803.8529,62909090909.0909,59764065335.7532,58221415607.9855,58261617900.1721,67866666666.6667,67364341085.2713,69296987087.5179,71347708894.8787,66159509202.454,69089673913.0435,73331457512.6618,78012528473.8041,75433562071.1167,81943913320.5864,104389057750.76,84507686602.5298
"Egypt, Arab Rep.","Industry (including construction), value added (current US$)",25762606900.6193,30702216351.0935,29874447439.3531,27743573033.7079,26792730769.2308,27312240259.7403,30597487520.7987,38839617391.3043,45738528896.6725,58960618181.8182,67745735027.2232,78362250453.7205,84842340791.7384,109556926950,115047589984.496,121903028852.224,120647640889.488,107897129668.712,85426531358.6956,92772235706.2465,114168038063.781,124239701650.306,132445083425.271,155951003834.791,129604323100.523
"Egypt, Arab Rep.","Labor force, total",20736023,20772661,20792031,20589710,21665373,22756745,23853891,24954020,26081669,26485023,27281764,28739910,29061496,29544119,30181706,30655760,30540697,30927659,30428646,29899860,29708924,29873073,31447172,32614163,33430910
"Egypt, Arab Rep.",Military expenditure (current USD),2447978793.90325,2627698333.83736,2834256229.54946,2902768425.24007,2383914898.27171,2369743586.43306,2659439713.57524,2952520159.00453,3306908257.22261,3779880349.74689,4017404478.27146,4407286452.71917,4463974191.06902,4557748767.35039,4359834243.76995,5085121576.27973,5475490833.44169,4513022526.81632,2765588434.01207,3119587363.84249,3743671451.54565,4505374644.32501,5165445626.55285,4645922047.5088,..
"Egypt, Arab Rep.","Unemployment, total (% of total labor force) (national estimate)",7.95,8.98,9.26,10.01,10.91,10.32,11.049,10.49,8.8,8.517,9.087,8.757,11.849,12.597,13.154,13.105,13.052,12.45,11.767,9.855,7.851,7.974,7.441,7.344,..
"Egypt, Arab Rep.",High-technology exports (current US$),..,..,..,..,..,..,..,..,..,102650631,86522520,104581857,133427058,78780352,72676207,168393198,89647031,56095790,73845752,125216603,326793593,343563046,526183188,638950944,..
"Egypt, Arab Rep.",Researchers in R&D (per million people),..,..,..,..,..,..,..,..,606.342102050781,420.694030761719,415.26904296875,472.001403808594,471.479400634766,495.296569824219,516.572265625,646.059020996094,643.476501464844,659.064758300781,647.85693359375,657.591796875,791.011169433594,804.910705566406,821.704528808594,841.402221679688,..
"Iran, Islamic Rep.",GDP (current US$),113848450088.686,109591707801.431,126878750295.583,128626917504.398,153544751396.211,190043433963.866,226452138295.726,266298911663.707,349881601462.439,412336172443.795,416397025729.898,486807616876.696,626133112195.926,644035512181.483,492775566425.881,460382791480.428,408212917874.964,457954614593.746,486630147094.486,329691934142.938,283649531542.741,239735486745.385,359096907772.273,413394567603.552,401504514718.718
"Iran, Islamic Rep.","Population, total",64474745,65544383,66674851,67327117,67954699,69061674,70182594,71275760,72319418,73318394,74322685,75373855,76342971,77324451,78458928,79961672,81790841,83306231,84505076,85617562,86564202,87290193,87923432,88550570,89172767
"Iran, Islamic Rep.",Exports of goods and services (current US$),21963669399.3289,23526115004.3622,24491811634.3014,31402849782.6087,37814191932.73,48018138115.1704,68684788609.4168,79540915796.1282,100918493002.129,109587110079.523,94569965269.2119,118779370673.274,156115729452.306,144748914752.621,124095211339.934,105108486858.986,76420864791.0193,96911018308.917,110638713237.228,102588195387.192,66611879492.4744,46567680996.4015,82014975831.2792,110855418272.308,114986783677.192
"Iran, Islamic Rep.",Imports of goods and services (current US$),17752833899.8082,21688407084.2785,26939208540.9864,30560192008.0422,40000915039.1775,49500478448.4699,54596877011.5624,62043181819.3961,73628015382.7459,89280163310.3228,87393787041.7092,94299456996.1199,101972675212.902,139202134960.186,107936629599.118,103681647163.622,84507234684.6283,88046990400.1401,107103317188.151,90496181627.4492,77352552129.2424,58460830560.1672,77330090105.3824,102445871903.338,108025016107.055
"Iran, Islamic Rep.","Industry (including construction), value added (current US$)",42646361332.6942,44171935290.5252,50646523150.0258,58529022509.4245,69187187522.0286,90214516019.8887,112404611872.997,128515590801.465,168767710652.034,196555659094.75,179452616218.937,215214626388.255,289475667275.809,271101359645.451,210803811393.972,180600011327.592,131341443557.084,157387587768.88,176302823954.43,123149111679.126,94447196558.6258,86641738179.9824,136506146005.821,164761269643.867,167875301706.371
"Iran, Islamic Rep.","Labor force, total",18444413,19362019,20310914,21067246,21807454,22728486,23637285,23912566,24076472,23395023,24401195,24374967,23747702,24358270,24633773,24780719,25883066,27040336,28100798,28610021,28702961,27169143,27176983,28641414,29158831
"Iran, Islamic Rep.",Military expenditure (current USD),6650285143.99772,8327053824.36261,10378791765.7186,3243891033.23266,3717068449.78392,5243621132.59941,6796744965.39476,8751474767.03588,9330901881.77112,11081950208.5691,12584623338.7062,13561272454.2139,14277667360.5682,16493963286.9287,11997186984.0994,9901118855.30265,10588769670.8684,12263957414.6216,13931196489.7975,11230852287.9331,4598301890.51919,3033332821.19627,5391957618.24884,6846596650.50288,..
"Iran, Islamic Rep.","Unemployment, total (% of total labor force) (national estimate)",..,..,..,12.8,..,10.3,11.813,11.519,10.772,10.63,12.113,13.679,12.491,12.275,10.595,10.68,11.166,12.618,12.232,12.195,10.74,9.687,9.282,9.085,..
"Iran, Islamic Rep.",High-technology exports (current US$),..,..,..,..,..,..,..,..,..,..,..,..,659194102,..,270444996,299133342,248619292,249197113,278924954,153101893,157768737,119892246,96091030,..,..
"Iran, Islamic Rep.",Researchers in R&D (per million people),..,..,..,..,..,..,..,714.554626464844,..,745.182800292969,707.963623046875,732.464416503906,..,685.8759765625,667.218811035156,..,800.890258789062,..,1417.97595214844,..,1597.33935546875,..,..,..,..
Ethiopia,GDP (current US$),7892973531.80045,8242349617.8638,8231326016.47494,7850809498.16803,8623691300.04079,10131187261.4421,12401139453.9738,15280861834.6024,19707616772.7996,27066912635.2228,32437389116.038,29933790334.3418,31952763089.33,43310721414.0829,47648276605.0123,55612228233.5179,64589328550.5953,74296745207.8721,81770886825.6048,84269196625.8784,95912607722.3032,107657734392.446,111261882958.426,126772703047.701,163697927593.982
Ethiopia,"Population, total",65077579,67031867,69018932,71073215,73168838,75301026,77469940,79691050,81996185,84357105,86755585,89237791,91817929,94451280,97084366,99746766,102471895,105293228,108197950,111129438,114120594,117190911,120283026,123379924,126527060
Ethiopia,Exports of goods and services (current US$),..,..,..,..,..,..,..,..,..,..,..,..,5331910669.97519,5962716169.22631,5948445900.95456,6474164234.1889,6047701382.62093,5804121546.5048,6238602381.7425,7055586688.75777,7615438618.00348,7672983060.57996,8491174951.53881,10451093940.5472,10792608749.6624
Ethiopia,Imports of goods and services (current US$),..,..,..,..,..,..,..,..,..,..,..,..,10079844913.1514,13699443639.5248,13812145920.3289,16182860468.0423,19565922931.7937,20124738792.9724,19195112769.1069,19235875928.3992,20022068000.8819,18171455003.6686,18595574210.7915,23264741856.6496,22905283373.3089
Ethiopia,"Industry (including construction), value added (current US$)",939100573.832696,940490592.82472,981826760.969284,1000215084.22396,1112413250.97605,1285195846.62683,1461949685.60729,1771405798.9379,2284013588.81055,2762680333.1891,3141068231.11623,2824291474.67225,3088120223.32506,4104183714.86526,5214892788.48862,7491703730.49824,10526635479.7433,16295184314.653,19283133813.7603,23010295827.2151,23807779977.2904,24871407184.1006,24310751875.2496,28799624072.5972,40067812071.2805
Ethiopia,"Labor force, total",27260674,28200766,29203262,30286922,31429893,32612712,33834090,34936337,36102315,37315620,38592273,39960419,41421329,42951638,44510242,46082642,47688580,49358568,51076894,52785396,54494384,55776848,57984973,59751802,61664369
Ethiopia,Military expenditure (current USD),703704869.526897,617541613.6279,349808276.450815,288932333.459776,278673159.931532,311038748.989645,342066638.665934,345687017.021091,360140308.612027,388187596.747412,339627767.966309,303617033.089052,332441772.391593,366539017.667525,345064165.844028,414476025.830071,442532624.456259,490177248.532075,513827452.373392,516977076.1594,535978018.203675,504066088.251296,487848610.127681,1031400405.93933,..
Ethiopia,"Unemployment, total (% of total labor force) (national estimate)",3.714,..,..,..,..,..,2.497,..,..,..,..,..,..,..,2.251,..,..,..,..,..,..,..,3.935,..,..
Ethiopia,High-technology exports (current US$),..,..,..,..,..,..,..,..,..,8353730,6989321,9180496,5739492,8248200,5593277,24227835,15626132,10502624,7925744,9903650,44073889,43185591,24782074,9014081,..
Ethiopia,Researchers in R&D (per million people),..,..,..,..,..,..,21.0534000396729,..,19.9828205108643,..,..,42.0712089538574,..,..,44.5506591796875,..,..,..,90.2406234741211,..,..,..,..,..,..
