Country,Year,GDP_USD,GDP_Capita_USD,Capital_Formation_USD,Exports_USD,Imports_USD,Industry_Value_Added_USD,Labor_Force,Military_Exp_USD,Research_GDP_Rate,Trade_GDP_Rate,Unemployment_Rate,Pop_Growth_Rate, Population 
India,2023,3.54992E+12,2485,1.19757E+12,7.77136E+11,8.50642E+11,8.87789E+11,593729164,,,45.85392815,4.172,0.81," 1,428,627,663.00 "
India,2022,3.35347E+12,2366,1.10745E+12,7.78022E+11,8.97551E+11,8.47894E+11,554145127,81363188269,,49.96531997,4.822,0.68," 1,417,173,173.00 "
China,2021,1.78205E+13,12618,7.6878E+12,3.55411E+12,3.09328E+12,7.0018E+12,780370660,2.86E+11,2.432600021,37.30199087,5.11,0.09," 1,412,360,000.00 "
China,2022,1.78818E+13,12663,7.71532E+12,3.71789E+12,3.14004E+12,7.03249E+12,781808304,2.92E+11,,38.35148058,,-0.01," 1,412,175,000.00 "
China,2020,1.46877E+13,10409,6.36959E+12,2.72988E+12,2.37474E+12,5.55826E+12,763684716,2.58E+11,2.40666008,34.7542957,5.61,0.24," 1,411,100,000.00 "
China,2023,1.77948E+13,12614,,3.51324E+12,3.1272E+12,6.81238E+12,779245529,,,37.31677357,,-0.1," 1,410,710,000.00 "
China,2019,1.428E+13,10144,6.17624E+12,2.62894E+12,2.49615E+12,5.51027E+12,775321104,2.40E+11,2.244630098,35.89009603,5.15,0.35," 1,407,745,000.00 "
India,2021,3.16727E+12,2250,1.0172E+12,6.77769E+11,7.60903E+11,8.38266E+11,535026237,76348538794,,45.42308878,6.38,0.8," 1,407,563,842.00 "
China,2018,1.38949E+13,9905,6.08506E+12,2.65561E+12,2.56412E+12,5.51447E+12,776278514,2.33E+11,2.140579939,37.5657841,4.93,0.47," 1,402,760,000.00 "
India,2020,2.67485E+12,1916,7.73631E+11,4.99729E+11,5.10245E+11,6.72E+11,520521842,72937064048,0.64635998,37.75810533,7.859,0.96," 1,396,387,127.00 "
China,2017,1.23105E+13,8817,5.29515E+12,2.42422E+12,2.20852E+12,4.90594E+12,778674707,2.10E+11,2.116029978,37.63241324,3.9,0.61," 1,396,215,000.00 "
China,2016,1.12333E+13,8094,4.78892E+12,2.19997E+12,1.94449E+12,4.44622E+12,780524312,1.99E+11,2.100330114,36.89441502,,0.57," 1,387,790,000.00 "
India,2019,2.83561E+12,2050,8.5341E+11,5.29245E+11,6.02315E+11,6.97317E+11,520273563,71468900524,0.659420013,39.90540353,6.51,1.03," 1,383,112,050.00 "
China,2015,1.10616E+13,8016,4.78245E+12,2.3621E+12,2.00326E+12,4.51769E+12,780709584,1.97E+11,2.057009935,39.46416934,,0.58," 1,379,860,000.00 "
China,2014,1.04756E+13,7636,4.80035E+12,2.46283E+12,2.24128E+12,4.51348E+12,780062420,1.82E+11,2.022429943,44.90521595,4.1,0.63," 1,371,860,000.00 "
India,2018,2.70293E+12,1974,8.74214E+11,5.38635E+11,6.40301E+11,7.139E+11,515366255,66257801718,0.66000998,43.61696933,7.652,1.09," 1,369,003,306.00 "
China,2013,9.57047E+12,7020,4.4406E+12,2.35426E+12,2.11939E+12,4.22792E+12,779042510,1.64E+11,1.997859955,46.74437558,4.05,0.67," 1,363,240,000.00 "
India,2017,2.65147E+12,1958,8.21484E+11,4.98259E+11,5.82018E+11,7.02641E+11,510055221,64559435281,0.66602999,40.74249695,,1.16," 1,354,195,680.00 "
China,2012,8.53219E+12,6301,3.94403E+12,2.17507E+12,1.94321E+12,3.87557E+12,778937997,1.45E+11,1.912140012,48.26752237,4.1,0.68," 1,354,190,000.00 "
China,2011,7.55155E+12,5614,3.52356E+12,2.00631E+12,1.82541E+12,3.51368E+12,778323480,1.25E+11,1.780339956,50.74090459,4.1,0.55," 1,345,035,000.00 "
India,2016,2.2948E+12,1714,6.92402E+11,4.39643E+11,4.80169E+11,6.10852E+11,504122684,56637622641,0.669839978,40.08248571,,1.19," 1,338,636,340.00 "
China,2010,6.08719E+12,4550,2.83396E+12,1.65482E+12,1.43242E+12,2.83041E+12,774058132,1.06E+11,1.713719964,50.71707766,4.1,0.48," 1,337,705,000.00 "
China,2009,5.10169E+12,3832,2.31394E+12,1.26266E+12,1.04253E+12,2.34459E+12,775599063,96601666753,1.664800048,45.18497621,4.3,0.5," 1,331,260,000.00 "
China,2008,4.59434E+12,3468,1.94198E+12,1.49787E+12,1.14904E+12,2.15801E+12,776378230,78840802820,1.445919991,57.61234224,4.2,0.51," 1,324,655,000.00 "
India,2015,2.10359E+12,1590,6.75604E+11,4.16788E+11,4.65098E+11,5.75277E+11,497800426,51295483754,0.693099976,41.92291387,,1.19," 1,322,866,505.00 "
India,2014,2.03913E+12,1560,6.98764E+11,4.68346E+11,5.29239E+11,5.63949E+11,490933119,50914096277,0.701590002,48.92218575,,1.24," 1,307,246,509.00 "
India,2013,1.85672E+12,1438,6.31716E+11,4.7218E+11,5.27555E+11,5.274E+11,483634725,47403528801,0.706420004,53.84413195,,1.3," 1,291,132,063.00 "
India,2012,1.82764E+12,1434,7.00852E+11,4.484E+11,5.71307E+11,5.37299E+11,476025371,47216920048,0.743990004,55.79372173,3.222,1.33," 1,274,487,215.00 "
India,2011,1.82305E+12,1450,7.21754E+11,4.47384E+11,5.66668E+11,5.49863E+11,472419461,49633815794,0.755020022,55.62388001,,1.36," 1,257,621,191.00 "
India,2010,1.67562E+12,1351,6.66654E+11,3.75354E+11,4.49974E+11,5.14834E+11,468646281,46090445657,0.788489997,49.2552065,3.115,1.38," 1,240,613,620.00 "
India,2009,1.34189E+12,1097,5.26782E+11,2.73752E+11,3.47178E+11,4.17614E+11,459168942,38722154392,0.833140016,46.27286964,,1.39," 1,223,640,160.00 "
India,2008,1.1989E+12,994,4.60645E+11,2.88902E+11,3.50927E+11,3.73297E+11,449860965,33002376727,0.858759999,53.36822044,,1.42," 1,206,734,806.00 "
United States,2023,2.73609E+13,81695,,,,,170548899,,,,3.638,0.49," 334,914,895.00 "
United States,2022,2.57441E+13,77247,5.63341E+12,2.99505E+12,3.96617E+12,,168181985,8.77E+11,,27.0400163,3.65,0.37," 333,271,411.00 "
United States,2021,2.3594E+13,71056,5.04303E+12,2.55004E+12,3.40828E+12,4.16982E+12,166198588,8.06E+11,3.457050085,25.25348466,5.349,0.16," 332,048,977.00 "
United States,2020,2.1323E+13,64317,4.56482E+12,2.15011E+12,2.7765E+12,3.68736E+12,165649358,7.78E+11,3.4677701,23.10475333,8.055,0.97," 331,526,933.00 "
United States,2019,2.15214E+13,65548,4.66737E+12,2.53845E+12,3.11695E+12,3.90853E+12,167100511,7.34E+11,3.170490026,26.27805493,3.669,0.46," 328,329,953.00 "
United States,2018,2.06565E+13,63201,4.45542E+12,2.53809E+12,3.13117E+12,3.82549E+12,165307010,6.82E+11,3.010099888,27.44535913,3.896,0.53," 326,838,199.00 "
United States,2017,1.96121E+13,60322,4.14909E+12,2.38826E+12,2.93159E+12,3.59073E+12,163971527,6.47E+11,2.904320002,27.12533822,4.355,0.63," 325,122,128.00 "
United States,2016,1.88049E+13,58207,3.92796E+12,2.23556E+12,2.73883E+12,3.37301E+12,162448669,6.40E+11,2.853499889,26.45259779,4.869,0.72," 323,071,755.00 "
United States,2015,1.8295E+13,57040,3.91791E+12,2.27062E+12,2.79494E+12,3.38398E+12,160644681,6.34E+11,2.786999941,27.68821393,5.28,0.74," 320,738,994.00 "
United States,2014,1.76081E+13,55304,3.68031E+12,2.37855E+12,2.88745E+12,3.39281E+12,159540139,6.48E+11,2.717859983,29.90656934,6.168,0.73," 318,386,329.00 "
United States,2013,1.68807E+13,53410,3.44016E+12,2.28792E+12,2.76638E+12,3.2409E+12,158809862,6.79E+11,2.702150106,29.94130628,7.375,0.69," 316,059,947.00 "
United States,2012,1.6254E+13,51784,3.24279E+12,2.2177E+12,2.76932E+12,3.11469E+12,158452840,7.25E+11,2.672840118,30.68183958,8.069,0.73," 313,877,662.00 "
United States,2011,1.55997E+13,50066,2.96918E+12,2.11586E+12,2.69548E+12,3.02752E+12,157443452,7.52E+11,2.738029957,30.84247858,8.949,0.73," 311,583,481.00 "
United States,2010,1.5049E+13,48651,2.80998E+12,1.85725E+12,2.38956E+12,2.90599E+12,157357516,7.38E+11,2.714449883,28.21988294,9.633,0.83," 309,327,143.00 "
United States,2009,1.44781E+13,47195,2.57257E+12,1.58277E+12,2.00193E+12,2.7897E+12,157377606,7.06E+11,2.791820049,24.75952764,9.254,0.88," 306,771,529.00 "
United States,2008,1.47699E+13,48570,3.10721E+12,1.83528E+12,2.57615E+12,3.07117E+12,157246174,6.57E+11,2.744810104,29.86778753,5.784,0.95," 304,093,966.00 "
Brazil,2023,2.17367E+12,10044,3.49656E+11,3.93657E+11,3.42215E+11,4.83927E+11,108695239,,,33.85394659,7.947,0.51," 216,422,446.00 "
Brazil,2022,1.95192E+12,9065,3.53068E+11,3.83178E+11,3.74482E+11,4.45418E+11,108750811,20210787437,,38.81606598,9.231,0.46," 215,313,498.00 "
Brazil,2021,1.67065E+12,7795,3.26142E+11,3.19251E+11,3.09853E+11,3.69605E+11,106047171,19187122475,,37.65633076,13.159,0.53," 214,326,223.00 "
Brazil,2020,1.47611E+12,6924,2.37887E+11,2.42872E+11,2.33941E+11,2.87931E+11,101755860,19591209004,1.145259976,32.30207855,13.697,0.67," 213,196,304.00 "
Brazil,2019,1.87329E+12,8845,2.90674E+11,2.64563E+11,2.76635E+11,3.51328E+11,107999623,25906871197,1.210960031,28.89025787,11.936,0.77," 211,782,878.00 "
Brazil,2018,1.91693E+12,9121,2.89362E+11,2.80543E+11,2.72994E+11,3.59407E+11,106048382,28177406872,1.167690039,28.87620338,12.33,0.79," 210,166,592.00 "
Brazil,2017,2.06351E+12,9897,3.01801E+11,2.58331E+11,2.43511E+11,3.75322E+11,104715941,29261833097,1.117499948,24.31973437,12.792,0.79," 208,504,960.00 "
Brazil,2016,1.79569E+12,8681,2.68807E+11,2.23863E+11,2.16686E+11,3.29595E+11,102923211,24224746901,1.286370039,24.53368208,11.58,0.81," 206,859,578.00 "
Brazil,2015,1.80221E+12,8783,3.13794E+11,2.32489E+11,2.53273E+11,3.48909E+11,101474161,24617701683,1.370929956,26.95362594,8.538,0.85," 205,188,205.00 "
Brazil,2014,2.45604E+12,12071,5.04678E+11,2.70458E+11,3.35826E+11,5.02813E+11,99628945,32660239369,1.269709945,24.68540581,6.755,0.86," 203,459,650.00 "
Brazil,2013,2.47282E+12,12259,5.36448E+11,2.90364E+11,3.47276E+11,5.24851E+11,98532617,32874787231,1.195670009,25.78595733,7.071,0.87," 201,721,767.00 "
Brazil,2012,2.46523E+12,12328,5.27983E+11,2.92808E+11,3.26316E+11,5.45645E+11,97188186,33987005074,1.126839995,25.11427361,7.251,0.9," 199,977,707.00 "
Brazil,2011,2.61616E+12,13201,5.71009E+11,3.03017E+11,3.23145E+11,6.04386E+11,94948394,36936209896,1.139660001,23.93440518,7.578,0.93," 198,185,302.00 "
Brazil,2010,2.20884E+12,11249,4.81556E+11,2.40003E+11,2.62997E+11,5.13952E+11,95367508,34002944470,1.159919977,22.77217811,,0.94," 196,353,492.00 "
Brazil,2009,1.667E+12,8570,3.13331E+11,1.80892E+11,1.87614E+11,3.64715E+11,95703669,25648809911,1.118659973,22.1059756,9.419,0.95," 194,517,549.00 "
Brazil,2008,1.69586E+12,8802,3.66633E+11,2.29517E+11,2.32732E+11,3.91493E+11,93935308,24452903036,1.129040003,27.25756942,8.268,0.99," 192,672,317.00 "
Russian Federation,2019,1.69312E+12,11448,3.83685E+11,4.81411E+11,3.52089E+11,5.44345E+11,74132155,65201335848,1.03531003,49.22875366,4.496,0.04," 145,453,291.00 "
Russian Federation,2018,1.65733E+12,11212,3.63255E+11,5.10346E+11,3.4452E+11,5.39532E+11,74975854,61609204756,0.990019977,51.58090037,4.846,0.07," 145,398,106.00 "
Russian Federation,2017,1.5742E+12,10659,3.71617E+11,4.10722E+11,3.27207E+11,4.82859E+11,75021883,66913033537,1.109670043,46.87652434,5.212,0.19," 145,293,260.00 "
Russian Federation,2020,1.49308E+12,10108,3.50213E+11,3.81066E+11,3.05255E+11,4.43699E+11,73659292,61712537169,1.090989947,45.9669082,5.589,-0.14," 145,245,148.00 "
Russian Federation,2016,1.27679E+12,8663,2.94879E+11,3.30107E+11,2.6383E+11,3.72488E+11,75532228,69245294553,1.102380037,46.51811984,5.559,0.26," 145,015,460.00 "
Russian Federation,2021,1.84339E+12,12522,4.18619E+11,5.488E+11,3.76517E+11,5.78863E+11,74031444,65907705047,0.961969972,50.1964411,4.749,-0.34," 144,746,762.00 "
Russian Federation,2015,1.36348E+12,9278,3.01994E+11,3.91366E+11,2.8164E+11,4.06237E+11,75405173,66421822180,1.100849986,49.35934931,5.571,0.28," 144,640,716.00 "
Russian Federation,2014,2.05924E+12,14055,4.61082E+11,5.58283E+11,4.26062E+11,5.75178E+11,75645949,84696504653,1.072409987,47.80134126,5.16,0.3," 144,237,223.00 "
Russian Federation,2022,2.26603E+12,15445,5.16495E+11,6.35071E+11,3.45184E+11,7.27294E+11,73798702,86373102251,0.935840011,43.25870482,3.867,-0.35," 144,236,933.00 "
Russian Federation,2023,2.02142E+12,13817,5.19457E+11,4.66605E+11,3.78926E+11,6.19516E+11,72407755,,,41.82852518,3.076,-0.29," 143,826,130.00 "
Russian Federation,2013,2.29247E+12,15941,5.33496E+11,5.92497E+11,4.68622E+11,6.46277E+11,75771697,88352896464,1.027320027,46.2871494,5.458,0.3," 143,805,638.00 "
Russian Federation,2012,2.20829E+12,15402,5.42218E+11,5.94193E+11,4.47048E+11,6.42677E+11,76005341,81469399931,1.027660012,47.15139039,5.436,0.25," 143,378,447.00 "
Russian Federation,2011,2.04592E+12,14305,4.96356E+11,5.73991E+11,4.08776E+11,6.01779E+11,76104185,70237523951,1.015450001,48.03539941,6.536,0.12," 143,018,195.00 "
Russian Federation,2010,1.52492E+12,10675,3.44861E+11,4.45513E+11,3.22367E+11,4.57469E+11,75870233,58720227609,1.130200028,50.35550549,7.369,0.04," 142,849,468.00 "
Russian Federation,2009,1.22265E+12,8563,2.31403E+11,3.41584E+11,2.50605E+11,3.58565E+11,75954036,51532116798,1.251919985,48.43506103,8.301,0.03," 142,785,348.00 "
Russian Federation,2008,1.66085E+12,11635,4.23537E+11,5.20004E+11,3.66597E+11,5.11323E+11,75918125,56183785393,1.044350028,53.38246604,6.205,-0.04," 142,742,366.00 "
Japan,2010,5.75907E+12,44968,1.30099E+12,8.59167E+11,7.8208E+11,1.63189E+12,66231664,54655450735,3.104949951,28.49847269,5.103,0.02," 128,070,000.00 "
Japan,2008,5.10668E+12,39876,1.32108E+12,8.80164E+11,8.62719E+11,1.46985E+12,66726949,46361468280,3.292239904,34.12947654,4.002,0.05," 128,063,000.00 "
Japan,2009,5.28949E+12,41309,1.19559E+12,6.56932E+11,6.33184E+11,1.43405E+12,66456031,51465158208,3.195899963,24.39016653,5.068,-0.01," 128,047,000.00 "
Japan,2011,6.23315E+12,48760,1.46732E+12,9.20914E+11,9.61182E+11,1.66434E+12,65813075,60762213841,3.205369949,30.19496073,4.55,-0.19," 127,833,000.00 "
Japan,2012,6.27236E+12,49145,1.50568E+12,9.04147E+11,1.0071E+12,1.66611E+12,65518909,60011530195,3.173710108,30.47091092,4.358,-0.16," 127,629,000.00 "
Japan,2013,5.21233E+12,40899,1.27273E+12,8.22722E+11,9.48363E+11,1.38912E+12,65768575,49023932407,3.27895999,33.97876865,4.038,-0.14," 127,445,000.00 "
Japan,2014,4.89699E+12,38475,1.22603E+12,8.52991E+11,9.80025E+11,1.33755E+12,65973877,46903466613,3.367880106,37.43143457,3.589,-0.13," 127,276,000.00 "
Japan,2015,4.44493E+12,34961,1.11858E+12,7.75052E+11,7.99672E+11,1.27053E+12,66061546,42106103306,3.24071002,35.42740835,3.385,-0.11," 127,141,000.00 "
Japan,2016,5.00368E+12,39375,1.24269E+12,8.03489E+11,7.63175E+11,1.43255E+12,66669411,46471287714,3.106659889,31.31024685,3.132,-0.05," 127,076,000.00 "
Japan,2017,4.93084E+12,38834,1.2433E+12,8.67405E+11,8.29947E+11,1.42415E+12,67225084,45058468761,3.166359901,34.42321357,2.822,-0.08," 126,972,000.00 "
Japan,2018,5.04088E+12,39751,1.29257E+12,9.23235E+11,9.22228E+11,1.46256E+12,68386819,48535909411,3.219199896,36.6099318,2.467,-0.13," 126,811,000.00 "
Japan,2019,5.11799E+12,40416,1.31992E+12,8.93782E+11,9.08592E+11,1.47419E+12,69045531,50778006586,3.218240023,35.21641811,2.351,-0.14," 126,633,000.00 "
Ethiopia,2023,1.63698E+11,1294,36294219987,10792608750,22905283373,40067812071,61664369,,,20.58541157,,2.52," 126,527,060.00 "
Japan,2020,5.05559E+12,40041,1.27635E+12,7.85058E+11,7.98645E+11,1.46983E+12,68898380,51396536059,3.268970013,31.32579312,2.809,-0.29," 126,261,000.00 "
Japan,2021,5.03462E+12,40059,1.29486E+12,9.12549E+11,9.38756E+11,1.47327E+12,68881069,50957471034,3.295809984,36.77148329,2.828,-0.46," 125,681,593.00 "
Japan,2022,4.25641E+12,34017,1.13168E+12,9.16904E+11,1.07696E+12,1.14567E+12,69113783,45992092172,,46.84373214,2.6,-0.44," 125,124,989.00 "
Japan,2023,4.21295E+12,33834,,,,,69349452,,,,2.6,-0.49," 124,516,650.00 "
Ethiopia,2022,1.26773E+11,1027,32127031992,10451093941,23264741857,28799624073,59751802,1031400406,,26.59550123,,2.54," 123,379,924.00 "
Ethiopia,2021,1.11262E+11,925,31181473945,8491174952,18595574211,24310751875,57984973,487848610.1,,24.34503933,3.935,2.6," 120,283,026.00 "
Ethiopia,2020,1.07658E+11,919,32920623983,7672983061,18171455004,24871407184,55776848,504066088.3,,24.00611364,,2.65," 117,190,911.00 "
Ethiopia,2019,95912607722,840,33822606566,7615438618,20022068001,23807779977,54494384,535978018.2,,28.81530101,,2.66," 114,120,594.00 "
"Egypt, Arab Rep.",2023,3.95926E+11,3513,50986876056,75645997562,84507686603,1.29604E+11,33430910,,,40.45040077,,1.54," 112,716,598.00 "
Ethiopia,2018,84269196626,758,29265695242,7055586689,19235875928,23010295827,52785396,516977076.2,,31.19937494,,2.67," 111,129,438.00 "
"Egypt, Arab Rep.",2022,4.76748E+11,4295,81136778116,71927051672,1.04389E+11,1.55951E+11,32614163,4645922048,1.019680023,36.98310488,7.344,1.57," 110,990,103.00 "
"Egypt, Arab Rep.",2021,4.24672E+11,3887,64429572976,44850223072,81943913321,1.32445E+11,31447172,5165445627,0.911750019,29.85697348,7.441,1.66," 109,262,178.00 "
Ethiopia,2017,81770886826,756,31435988584,6238602382,19195112769,19283133814,51076894,513827452.4,0.274370015,31.1036313,,2.72," 108,197,950.00 "
"Egypt, Arab Rep.",2020,3.83818E+11,3572,61391141609,47872738615,75433562071,1.2424E+11,29873073,4505374644,0.915639997,32.12625557,7.974,1.73," 107,465,134.00 "
"Egypt, Arab Rep.",2019,3.18679E+11,3017,63906605923,53041002278,78012528474,1.14168E+11,29708924,3743671452,0.796169996,41.12401716,7.851,1.79," 105,618,671.00 "
Ethiopia,2016,74296745208,706,27748923238,5804121547,20124738793,16295184315,49358568,490177248.5,,34.8990528,,2.72," 105,293,228.00 "
"Egypt, Arab Rep.",2018,2.62589E+11,2531,49127743388,47225661227,73331457513,92772235706,29899860,3119587364,0.688390017,45.91101967,9.855,1.9," 103,740,765.00 "
Ethiopia,2015,64589328551,630,26269302134,6047701383,19565922932,10526635480,47688580,442532624.5,,39.65612414,,2.7," 102,471,895.00 "
"Egypt, Arab Rep.",2017,2.48363E+11,2440,42581521739,37289402174,69089673913,85426531359,30428646,2765588434,0.644860029,42.83213436,11.767,1.99," 101,789,386.00 "
"Egypt, Arab Rep.",2016,3.32442E+11,3332,50000000000,34392638037,66159509202,1.07897E+11,30927659,4513022527,0.70848,30.24654905,12.45,2.09," 99,784,030.00 "
Ethiopia,2014,55612228234,558,21129157230,6474164234,16182860468,7491703730,46082642,414476025.8,,40.74108415,,2.71," 99,746,766.00 "
"Egypt, Arab Rep.",2015,3.29367E+11,3370,47061994609,43423180593,71347708895,1.20648E+11,30540697,5475490833,0.718580008,34.84594296,13.052,2.21," 97,723,799.00 "
Ethiopia,2013,47648276605,491,16239065525,5948445901,13812145920,5214892788,44510242,345064165.8,0.604740024,41.47178708,2.251,2.75," 97,084,366.00 "
"Egypt, Arab Rep.",2014,3.05595E+11,3197,41692969871,43529411765,69296987088,1.21903E+11,30655760,5085121576,0.636489987,36.92018779,13.105,2.34," 95,592,324.00 "
Ethiopia,2012,43310721414,459,16067394958,5962716169,13699443640,4104183715,42951638,366539017.7,,45.39790418,,2.83," 94,451,280.00 "
"Egypt, Arab Rep.",2013,2.88434E+11,3089,40992248062,49085271318,67364341085,1.15048E+11,30181706,4359834244,0.63894999,40.37303806,13.154,2.32," 93,377,890.00 "
Ethiopia,2011,31952763089,348,10259286600,5331910670,10079844913,3088120223,41421329,332441772.4,,48.23293541,,2.85," 91,817,929.00 "
"Egypt, Arab Rep.",2012,2.79117E+11,3059,44733333333,45766666667,67866666667,1.09557E+11,29544119,4557748767,0.50898999,40.71176927,12.597,2.26," 91,240,376.00 "
Ethiopia,2010,29933790334,335,0,,,2824291475,39960419,303617033.1,0.241370007,,,2.82," 89,237,791.00 "
"Egypt, Arab Rep.",2011,2.3599E+11,2646,40361445783,48537005164,58261617900,84842340792,29061496,4463974191,0.531539977,45.25563416,11.849,2.21," 89,200,054.00 "
"Iran, Islamic Rep.",2023,4.01505E+11,4503,1.46319E+11,1.14987E+11,1.08025E+11,1.67875E+11,29158831,,,55.54403291,,0.7," 89,172,767.00 "
"Iran, Islamic Rep.",2022,4.13395E+11,4668,1.57097E+11,1.10855E+11,1.02446E+11,1.64761E+11,28641414,6846596651,,51.59750681,9.085,0.71," 88,550,570.00 "
"Iran, Islamic Rep.",2021,3.59097E+11,4084,1.41673E+11,82014975831,77330090105,1.36506E+11,27176983,5391957618,,44.37383405,9.282,0.72," 87,923,432.00 "
"Iran, Islamic Rep.",2020,2.39735E+11,2746,1.01286E+11,46567680996,58460830560,86641738180,27169143,3033332821,,43.81016469,9.687,0.84," 87,290,193.00 "
"Egypt, Arab Rep.",2010,2.18984E+11,2510,42704174229,46751361162,58221415608,78362250454,28739910,4407286453,0.433450013,47.93635007,8.757,2.03," 87,252,413.00 "
Ethiopia,2009,32437389116,374,0,,,3141068231,38592273,339627768,,,,2.8," 86,755,585.00 "
"Iran, Islamic Rep.",2019,2.8365E+11,3277,1.05799E+11,66611879492,77352552129,94447196559,28702961,4598301891,0.788290024,50.75433435,10.74,1.1," 86,564,202.00 "
"Iran, Islamic Rep.",2018,3.29692E+11,3851,1.09488E+11,1.02588E+11,90496181627,1.23149E+11,28610021,11230852288,,58.56508972,12.195,1.31," 85,617,562.00 "
"Egypt, Arab Rep.",2009,1.89147E+11,2212,36297640653,47205081670,59764065336,67745735027,27281764,4017404478,0.433120012,56.55344464,9.087,1.96," 85,501,064.00 "
"Iran, Islamic Rep.",2017,4.8663E+11,5759,1.54732E+11,1.10639E+11,1.07103E+11,1.76303E+11,28100798,13931196490,0.759829998,44.74487077,12.232,1.43," 84,505,076.00 "
Germany,2023,4.45608E+12,52746,1.05034E+12,2.10038E+12,1.91492E+12,1.25135E+12,44783712,,,90.1085374,3.068,0.81," 84,482,267.00 "
Ethiopia,2008,27066912635,321,0,,,2762680333,37315620,388187596.7,,,,2.84," 84,357,105.00 "
"Egypt, Arab Rep.",2008,1.62818E+11,1942,36454545455,53800000000,62909090909,58960618182,26485023,3779880350,0.270240009,71.68062535,8.517,1.96," 83,844,783.00 "
Germany,2022,4.08247E+12,48718,1.02179E+12,2.07895E+12,1.99863E+12,1.09827E+12,44198105,55759747827,,99.88033976,3.12,0.72," 83,797,985.00 "
"Iran, Islamic Rep.",2016,4.57955E+11,5497,1.33307E+11,96911018309,88046990400,1.57388E+11,27040336,12263957415,,40.38784692,12.618,1.84," 83,306,231.00 "
Germany,2021,4.2785E+12,51427,9.93322E+11,2.02286E+12,1.7919E+12,1.15665E+12,43386527,56513126774,3.142460108,89.16109414,3.594,0.04," 83,196,078.00 "
Germany,2020,3.88773E+12,46749,8.54106E+11,1.69027E+12,1.46452E+12,1.03831E+12,43501190,53318705118,3.129790068,81.14735893,3.881,0.08," 83,160,871.00 "
Germany,2019,3.88918E+12,46805,8.50553E+11,1.83288E+12,1.60198E+12,1.04973E+12,44433744,49079444693,3.167789936,88.31838946,3.163,0.23," 83,092,962.00 "
Germany,2018,3.97444E+12,47939,8.71182E+11,1.88026E+12,1.63791E+12,1.08527E+12,43935038,46497675956,3.110110044,88.51987104,3.384,0.3," 82,905,782.00 "
Germany,2017,3.69085E+12,44653,7.73686E+11,1.74072E+12,1.47908E+12,1.01359E+12,43819028,42281112685,3.047100067,87.23720295,3.781,0.37," 82,657,002.00 "
Germany,2016,3.46985E+12,42136,6.92841E+11,1.59867E+12,1.34271E+12,9.56587E+11,43567225,39909678594,2.94039011,84.76964597,4.104,0.81," 82,348,669.00 "
Germany,2008,3.74526E+12,45613,8.03216E+11,1.6404E+12,1.41292E+12,1.00555E+12,41917490,45098956312,2.615129948,81.52480473,7.508,-0.19," 82,110,097.00 "
Germany,2009,3.41126E+12,41650,6.33009E+11,1.30037E+12,1.12943E+12,8.43803E+11,41978630,44528927836,2.742660046,71.2287129,7.88,-0.25," 81,902,307.00 "
"Iran, Islamic Rep.",2015,4.08213E+11,4991,1.30556E+11,76420864791,84507234685,1.31341E+11,25883066,10588769671,0.393830001,39.42258866,11.166,2.26," 81,790,841.00 "
Germany,2010,3.39967E+12,41572,6.8217E+11,1.44708E+12,1.26818E+12,9.12773E+11,41949335,43025915012,2.730240107,79.86862424,7.043,-0.15," 81,776,930.00 "
Germany,2015,3.35759E+12,41103,6.62886E+11,1.5754E+12,1.32039E+12,9.10234E+11,42660629,38170021071,2.933789968,86.24622461,4.612,0.87," 81,686,611.00 "
Germany,2014,3.88909E+12,48024,7.9222E+11,1.77418E+12,1.51678E+12,1.05048E+12,42458390,44662831168,2.877840042,84.62009339,4.98,0.42," 80,982,500.00 "
Germany,2013,3.7338E+12,46299,7.48768E+11,1.69584E+12,1.48083E+12,1.00001E+12,42212988,44242647303,2.835989952,85.0788767,5.316,0.27," 80,645,605.00 "
Germany,2012,3.52714E+12,43856,6.95411E+11,1.63332E+12,1.41816E+12,9.62345E+11,41853628,43798225349,2.881659985,86.51405488,5.372,0.19," 80,425,823.00 "
Germany,2011,3.74931E+12,46706,8.11173E+11,1.68933E+12,1.50531E+12,1.0149E+12,41729225,45163212878,2.805550098,85.20612127,5.967,-1.85," 80,274,983.00 "
"Iran, Islamic Rep.",2014,4.60383E+11,5758,1.70064E+11,1.05108E+11,1.03682E+11,1.806E+11,24780719,9901118855,,45.35142014,10.68,1.9," 79,961,672.00 "
"Iran, Islamic Rep.",2013,4.92776E+11,6281,1.72201E+11,1.24095E+11,1.07937E+11,2.10804E+11,24633773,11997186984,0.23601,47.08671792,10.595,1.46," 78,458,928.00 "
"Iran, Islamic Rep.",2012,6.44036E+11,8329,2.34113E+11,1.44749E+11,1.39202E+11,2.71101E+11,24358270,16493963287,0.294349998,44.08934668,12.275,1.28," 77,324,451.00 "
"Iran, Islamic Rep.",2011,6.26133E+11,8202,2.25513E+11,1.56116E+11,1.01973E+11,2.89476E+11,23747702,14277667361,,41.21941479,12.491,1.28," 76,342,971.00 "
"Iran, Islamic Rep.",2010,4.86808E+11,6459,1.96001E+11,1.18779E+11,94299456996,2.15215E+11,24374967,13561272454,0.264420003,43.77064374,13.679,1.4," 75,373,855.00 "
"Iran, Islamic Rep.",2009,4.16397E+11,5603,1.70299E+11,94569965269,87393787042,1.79453E+11,24401195,12584623339,0.272579998,43.69958022,12.113,1.36," 74,322,685.00 "
"Iran, Islamic Rep.",2008,4.12336E+11,5624,1.72181E+11,1.09587E+11,89280163310,1.96556E+11,23395023,11081950209,0.64647001,48.22940277,10.63,1.37," 73,318,394.00 "
United Kingdom,2023,3.34003E+12,48867,5.92961E+11,1.07458E+12,1.11606E+12,5.65608E+11,35275169,,,65.58738398,3.984,0.82," 68,350,000.00 "
France,2023,3.0309E+12,44461,7.64089E+11,9.90482E+11,1.05772E+12,5.65289E+11,31825317,,,67.57711106,7.335,0.29," 68,170,228.00 "
France,2022,2.77909E+12,40886,7.35783E+11,9.63967E+11,1.07171E+12,4.67502E+11,31616935,53638748769,,73.2498526,7.308,0.31," 67,971,311.00 "
United Kingdom,2022,3.08884E+12,45564,5.7463E+11,1.03261E+12,1.11498E+12,5.14483E+11,34797067,68462578612,,69.52766202,3.73,1.13," 67,791,000.00 "
France,2021,2.95936E+12,43671,7.36803E+11,8.88842E+11,9.44547E+11,4.85205E+11,31271173,56646996216,2.219180107,61.952314,7.874,0.29," 67,764,304.00 "
France,2020,2.64742E+12,39180,6.37647E+11,7.2348E+11,7.79782E+11,4.44392E+11,30379167,52747064858,2.281889915,56.78215677,8.01,0.27," 67,571,107.00 "
France,2019,2.72887E+12,40495,6.64879E+11,8.62106E+11,8.88231E+11,4.75497E+11,30652293,50118929212,2.191790104,64.14147319,8.415,0.34," 67,388,001.00 "
France,2018,2.79096E+12,41558,6.65846E+11,8.85115E+11,9.13321E+11,4.7972E+11,30691326,51409812839,2.196660042,64.4379526,9.018,0.36," 67,158,348.00 "
United Kingdom,2020,2.69781E+12,40217,4.74068E+11,8.01032E+11,7.84591E+11,4.69095E+11,34633314,58332371795,2.931440115,58.77455938,4.472,0.37," 67,081,234.00 "
United Kingdom,2021,3.14151E+12,46870,5.63285E+11,9.29801E+11,9.3464E+11,5.2188E+11,34311328,67500687758,2.914760113,59.34864775,4.826,-0.08," 67,026,292.00 "
France,2017,2.59515E+12,38781,6.08205E+11,8.03164E+11,8.30791E+11,4.47434E+11,30547530,49195662250,2.198879957,62.96184729,9.41,0.29," 66,918,020.00 "
United Kingdom,2019,2.85141E+12,42663,5.24051E+11,9.02036E+11,9.4183E+11,5.06376E+11,34695933,56567602041,2.665519953,64.66513364,3.613,0.56," 66,836,327.00 "
France,2016,2.47296E+12,37063,5.59122E+11,7.48011E+11,7.62974E+11,4.3114E+11,30573605,47370589553,2.222379923,61.10014238,10.057,0.26," 66,724,104.00 "
France,2015,2.43919E+12,36653,5.53996E+11,7.46212E+11,7.60029E+11,4.31241E+11,30521969,45647471641,2.227020025,61.75169393,10.354,0.36," 66,548,272.00 "
United Kingdom,2018,2.87134E+12,43204,5.22051E+11,9.06772E+11,9.46467E+11,5.13981E+11,34415434,55832916405,2.704819918,64.54264825,4.12,0.61," 66,460,344.00 "
France,2014,2.85596E+12,43069,6.48585E+11,8.4727E+11,8.79983E+11,5.06818E+11,30406445,53134750899,2.275919914,60.47879652,10.273,0.47," 66,312,067.00 "
United Kingdom,2017,2.68015E+12,40572,4.95377E+11,8.27907E+11,8.63847E+11,4.77203E+11,34128763,52075008432,2.323199987,63.12165003,4.452,0.68," 66,058,859.00 "
France,2013,2.81188E+12,42603,6.26688E+11,8.257E+11,8.54791E+11,5.05345E+11,30427131,52001462448,2.237030029,59.76405507,9.913,0.52," 66,002,289.00 "
France,2012,2.68367E+12,40871,6.07225E+11,7.83713E+11,8.18494E+11,4.79533E+11,30175391,50216507403,2.227070093,59.70205917,9.841,0.48," 65,662,240.00 "
United Kingdom,2016,2.68911E+12,40985,4.82284E+11,7.77215E+11,8.28193E+11,4.73121E+11,33939706,53327366088,2.311450005,59.70039841,4.868,0.76," 65,611,593.00 "
France,2011,2.86516E+12,43846,6.65316E+11,8.14316E+11,8.70127E+11,5.15103E+11,29908458,54120871010,2.191610098,58.79057642,9.228,0.48," 65,345,233.00 "
United Kingdom,2015,2.92791E+12,44964,5.232E+11,8.15305E+11,8.59564E+11,5.29781E+11,33614102,59990205719,2.270270109,57.20354969,5.517,0.79," 65,116,219.00 "
France,2010,2.64519E+12,40676,5.80521E+11,7.08601E+11,7.42755E+11,4.72053E+11,29884514,52044060565,2.178570032,54.86779108,9.279,0.49," 65,030,575.00 "
France,2009,2.70089E+12,41738,5.76185E+11,6.7078E+11,6.92154E+11,4.94393E+11,29790243,56441455398,2.212069988,50.46245085,9.122,0.51," 64,710,879.00 "
United Kingdom,2014,3.06471E+12,47440,5.42996E+11,8.75778E+11,9.35306E+11,5.58656E+11,33331376,66995468654,2.264499903,59.09480412,6.363,0.74," 64,602,298.00 "
France,2008,2.9303E+12,45516,7.07079E+11,8.23983E+11,8.57925E+11,5.51302E+11,29512889,55365965845,2.061170101,57.39708289,7.386,0.56," 64,379,696.00 "
United Kingdom,2013,2.78485E+12,43426,4.61177E+11,8.43516E+11,8.83068E+11,5.18589E+11,33061439,63837724855,1.620110035,61.99911191,7.704,0.67," 64,128,273.00 "
United Kingdom,2012,2.70709E+12,42497,4.34764E+11,8.28872E+11,8.55641E+11,4.95442E+11,32778349,65452487554,1.576310039,62.22598273,8.25,0.7," 63,700,215.00 "
United Kingdom,2011,2.66381E+12,42110,4.24332E+11,8.36105E+11,8.57154E+11,4.88154E+11,32478068,66569552573,1.645210028,63.56540097,8.169,0.78," 63,258,810.00 "
United Kingdom,2010,2.48548E+12,39599,4.02057E+11,7.17229E+11,7.55985E+11,4.62003E+11,32236187,63979111970,1.63496995,59.27277497,7.924,0.78," 62,766,365.00 "
United Kingdom,2009,2.41284E+12,38744,3.61103E+11,6.48609E+11,6.78559E+11,4.47697E+11,32084960,64010506670,1.666599989,55.00438403,7.627,0.76," 62,276,270.00 "
United Kingdom,2008,2.92941E+12,47396,5.15408E+11,8.05763E+11,8.55173E+11,5.85693E+11,31927772,72915407670,1.607859969,56.69860693,5.705,0.79," 61,806,995.00 "
Italy,2014,2.16201E+12,35566,3.6666E+11,6.29336E+11,5.66734E+11,4.49664E+11,25689865,27701034335,1.338400006,55.32211515,12.717,0.92," 60,789,140.00 "
Italy,2015,1.83664E+12,30242,3.14199E+11,5.45775E+11,4.90423E+11,3.83056E+11,25654398,22180845070,1.338500023,56.41817616,11.929,-0.1," 60,730,582.00 "
Italy,2016,1.87707E+12,30961,3.29633E+11,5.50506E+11,4.88784E+11,3.98276E+11,25932536,25033027895,1.366420031,55.36760281,11.725,-0.17," 60,627,498.00 "
Italy,2017,1.9618E+12,32407,3.54184E+11,6.02933E+11,5.46761E+11,4.17871E+11,26103399,26447892915,1.370129943,58.60417595,11.242,-0.15," 60,536,709.00 "
Italy,2018,2.09193E+12,34622,3.87582E+11,6.55895E+11,6.05614E+11,4.48723E+11,26164164,28420098438,1.424430013,60.30355124,10.639,-0.19," 60,421,760.00 "
South Africa,2023,3.77782E+11,6253,59022886949,1.24755E+11,1.23532E+11,92823858801,25158403,,,65.72245644,27.989,0.87," 60,414,495.00 "
Italy,2013,2.14192E+12,35560,3.61822E+11,6.13302E+11,5.6192E+11,4.53498E+11,25287655,29957445905,1.301069975,54.8675794,12.175,1.16," 60,233,948.00 "
South Africa,2022,4.05271E+11,6766,62325620828,1.35922E+11,1.27751E+11,1.00009E+11,24366735,2995329365,,65.06073542,28.838,0.84," 59,893,885.00 "
Italy,2019,2.0113E+12,33674,3.66855E+11,6.3562E+11,5.68727E+11,4.32973E+11,25907430,26380673981,1.461590052,59.87898022,9.982,-1.15," 59,729,081.00 "
Italy,2012,2.08696E+12,35052,3.7126E+11,5.92263E+11,5.69228E+11,4.45463E+11,25127011,29781008205,1.262189984,55.65472084,10.678,0.27," 59,539,717.00 "
Italy,2020,1.89746E+12,31923,3.35865E+11,5.58466E+11,4.90179E+11,4.09072E+11,25126337,32929093811,1.506800056,55.26570577,9.19,-0.49," 59,438,851.00 "
South Africa,2021,4.20118E+11,7074,54804315210,1.30704E+11,1.04917E+11,1.03422E+11,23621462,3393856592,,56.08462474,28.77,1," 59,392,255.00 "
Italy,2011,2.29499E+12,38650,4.69741E+11,6.16722E+11,6.48865E+11,4.99154E+11,24567360,33828804971,1.201550007,55.14552246,8.377,0.17," 59,379,449.00 "
Italy,2010,2.1361E+12,36036,4.39605E+11,5.35607E+11,5.75297E+11,4.67075E+11,24546580,32020819951,1.217970014,52.00618837,8.381,0.31," 59,277,417.00 "
Italy,2021,2.15488E+12,36441,4.68416E+11,6.91993E+11,6.45494E+11,4.99849E+11,25087249,36249278619,1.453920007,62.0679469,9.532,-0.52," 59,133,173.00 "
Italy,2009,2.19993E+12,37227,4.29179E+11,4.92766E+11,5.06415E+11,4.8145E+11,24612153,34054481324,1.217869997,45.41876179,7.764,0.46," 59,095,365.00 "
Italy,2022,2.06697E+12,35069,4.77246E+11,7.54598E+11,7.88285E+11,4.8665E+11,25342466,33489705251,,74.64459001,8.092,-0.33," 58,940,425.00 "
Italy,2008,2.40866E+12,40945,5.24569E+11,6.47032E+11,6.65514E+11,5.68476E+11,24816663,36839989746,1.159719944,54.4928758,6.737,0.66," 58,826,731.00 "
South Africa,2020,3.38291E+11,5753,42413422650,93122660983,78346568942,78993238982,22920638,3231017731,0.603600025,50.68684334,24.339,1.22," 58,801,927.00 "
Italy,2023,2.25485E+12,38373,4.71649E+11,7.90428E+11,7.59281E+11,5.21453E+11,25668665,,,68.72774382,7.627,-0.3," 58,761,146.00 "
South Africa,2019,3.8933E+11,6703,61595099958,1.05906E+11,1.03935E+11,91967599719,24142655,3435429788,0.614300013,53.89799641,25.538,1.3," 58,087,055.00 "
South Africa,2018,4.05261E+11,7068,65533021637,1.11435E+11,1.09374E+11,95386463140,23771537,3622918743,0.687730014,54.48554513,24.218,1.23," 57,339,635.00 "
South Africa,2017,3.81449E+11,6734,63361448182,1.04288E+11,99923782384,90062187885,23776332,3591507613,0.762570024,53.53593183,23.992,0.39," 56,641,209.00 "
South Africa,2016,3.23586E+11,5735,54881566001,91109021409,89649913399,76956844528,23430091,3139312128,0.749920011,55.8612575,24.023,0.97," 56,422,274.00 "
South Africa,2015,3.4671E+11,6205,64603151780,96085897668,1.00591E+11,82282235250,23120551,3488867948,0.731469989,56.72667614,22.869,2.07," 55,876,504.00 "
South Africa,2014,3.81199E+11,6965,70475909114,1.1055E+11,1.16262E+11,92651460302,21981198,3892485091,0.709869981,59.49957406,22.606,1.58," 54,729,551.00 "
South Africa,2013,4.00886E+11,7441,76844888220,1.13769E+11,1.22253E+11,98424498839,21678833,4118208483,0.663299978,58.87502763,22.038,1.36," 53,873,616.00 "
South Africa,2012,4.34401E+11,8174,80731323268,1.17893E+11,1.23559E+11,1.06292E+11,21285409,4489590096,0.669340014,55.58261719,21.786,1.33," 53,145,033.00 "
South Africa,2011,4.58199E+11,8737,86385439695,1.26913E+11,1.23431E+11,1.13814E+11,21055801,4594154078,0.66753,54.63635044,21.416,1.26," 52,443,325.00 "
South Africa,2010,4.17364E+11,8060,73437854965,1.07611E+11,1.02766E+11,1.05608E+11,19990943,4188168092,0.662840009,50.40608716,23.181,1.19," 51,784,921.00 "
South Africa,2009,3.29754E+11,6444,61884760554,82381621006,81135290312,84888839068,21088301,3592687702,0.749930024,49.58753533,20.512,1.19," 51,170,779.00 "
South Africa,2008,3.16131E+11,6252,67295648562,1.01967E+11,1.06599E+11,85170680419,21338378,3286227700,0.805670023,65.9745238,19.507,1.13," 50,565,812.00 "
Canada,2023,2.14009E+12,53372,5.11539E+11,7.17708E+11,7.26063E+11,,22110473,,,67.46323886,5.415,2.93," 40,097,761.00 "
Canada,2022,2.16148E+12,55509,5.48237E+11,7.31555E+11,7.28719E+11,,21367763,26896315905,1.55182004,67.55889637,5.28,1.81," 38,939,056.00 "
Canada,2021,2.00747E+12,52497,4.88105E+11,6.2666E+11,6.26488E+11,,20967796,25362240829,1.697270036,62.42416441,7.527,0.55," 38,239,864.00 "
Canada,2020,1.65568E+12,43538,3.75422E+11,4.87991E+11,5.24573E+11,3.71728E+11,20482633,23082774049,1.894840002,61.15677096,9.657,1.08," 38,028,638.00 "
Canada,2019,1.74373E+12,46353,4.01797E+11,5.64142E+11,5.89707E+11,4.19844E+11,20767967,22394875659,1.755730033,66.17148528,5.69,1.46," 37,618,495.00 "
Canada,2018,1.72533E+12,46539,4.03336E+11,5.5772E+11,5.91348E+11,4.24816E+11,20348244,22729327580,1.737200022,66.59988585,5.837,1.43," 37,072,620.00 "
Canada,2017,1.64927E+12,45130,3.8841E+11,5.18767E+11,5.54923E+11,3.96282E+11,20144897,22269696323,1.687019944,65.10106085,6.426,1.2," 36,545,075.00 "
Canada,2016,1.52799E+12,42314,3.47789E+11,4.81358E+11,5.17396E+11,3.55951E+11,19878324,17782775543,1.729030013,65.36368452,7.038,1.13," 36,110,803.00 "
Canada,2015,1.55651E+12,43594,3.70785E+11,4.95747E+11,5.34115E+11,3.80032E+11,19691006,17937641895,1.693240047,66.16490207,6.945,0.76," 35,704,498.00 "
Canada,2014,1.80575E+12,50961,4.49103E+11,5.73083E+11,5.89434E+11,4.90043E+11,19584895,17853640478,1.714169979,64.37866216,7.023,1," 35,434,066.00 "
Canada,2013,1.8466E+12,52638,4.59944E+11,5.60109E+11,5.89049E+11,4.91439E+11,19521201,18515731210,1.70539999,62.2310749,7.143,1.05," 35,080,992.00 "
Canada,2012,1.82837E+12,52670,4.5467E+11,5.54965E+11,5.89511E+11,4.86979E+11,19315804,20452107111,1.772320032,62.59554894,7.392,1.08," 34,713,395.00 "
Canada,2011,1.79333E+12,52224,4.33114E+11,5.50164E+11,5.70643E+11,4.86697E+11,19146747,21393720864,1.787140012,62.49873877,7.637,0.98," 34,339,221.00 "
Canada,2010,1.61734E+12,47561,3.79785E+11,4.71737E+11,5.02035E+11,4.26188E+11,18985996,19315688825,1.825279951,60.2081215,8.178,1.11," 34,005,902.00 "
Canada,2009,1.37463E+12,40875,3.01861E+11,3.91986E+11,4.11818E+11,3.44701E+11,18788041,18936226052,1.91742003,58.47439182,8.46,1.14," 33,630,069.00 "
Canada,2008,1.55299E+12,46710,3.73843E+11,5.34151E+11,5.06719E+11,4.55679E+11,18662676,19342058405,1.855780005,67.02360836,6.284,1.08," 33,247,298.00 "
United Arab Emirates,2023,5.04173E+11,52977,,,,,6668172,,,,,0.8," 9,516,871.00 "
United Arab Emirates,2022,5.07064E+11,53708,,,,2.60958E+11,6588824,,,,2.873,0.81," 9,441,129.00 "
United Arab Emirates,2021,4.15179E+11,44332,,,,1.95712E+11,6462165,,1.495249987,,3.105,0.83," 9,365,145.00 "
United Arab Emirates,2020,3.49473E+11,37629,79632485146,3.35238E+11,2.46886E+11,1.47387E+11,6491560,,1.488309979,166.5718993,4.294,0.82," 9,287,289.00 "
United Arab Emirates,2019,4.1799E+11,45376,93724842260,4.04046E+11,2.956E+11,1.86108E+11,6479503,,1.310649991,167.3835649,2.331,0.78," 9,211,657.00 "
United Arab Emirates,2018,4.27049E+11,46722,99269102573,3.92863E+11,2.81536E+11,2.00367E+11,6404956,,1.263890028,157.9205731,2.236,0.79," 9,140,169.00 "
United Arab Emirates,2017,3.90517E+11,43064,97541306140,3.84044E+11,2.90783E+11,1.66079E+11,6328526,,,172.803425,2.462,0.82," 9,068,296.00 "
United Arab Emirates,2016,3.69255E+11,41055,92902151858,3.60626E+11,2.70442E+11,1.515E+11,6244154,,0.931800008,170.9030878,1.64,0.86," 8,994,263.00 "
United Arab Emirates,2015,3.70275E+11,41525,91822890157,3.61253E+11,2.66276E+11,1.6053E+11,6155854,,0.865700006,169.4762367,,0.91," 8,916,899.00 "
United Arab Emirates,2014,4.14105E+11,46866,89369188618,4.01367E+11,2.77888E+11,2.15292E+11,6066398,22755071477,0.675230026,164.0295099,,0.96," 8,835,951.00 "
United Arab Emirates,2013,4.00219E+11,45730,75126823336,3.92245E+11,2.52509E+11,2.16934E+11,5973682,23561061947,,161.1004825,,1," 8,751,847.00 "
United Arab Emirates,2012,3.8461E+11,44387,81978431096,3.75514E+11,2.39749E+11,2.17566E+11,5879032,19024098026,,159.9704706,,1.04," 8,664,969.00 "
United Arab Emirates,2011,3.60833E+11,42079,81219427148,3.15868E+11,2.15973E+11,2.05953E+11,5782838,19181756297,0.486220002,147.392662,,1.1," 8,575,205.00 "
United Arab Emirates,2010,3.00189E+11,35392,78593555317,2.38328E+11,1.78611E+11,1.55133E+11,5685095,17504697073,,138.8920969,,5.94," 8,481,771.00 "
United Arab Emirates,2009,2.53547E+11,31723,80206027366,2.01959E+11,1.8714E+11,1.31959E+11,5298911,13836351259,,153.4619444,,13.42," 7,992,644.00 "
United Arab Emirates,2008,3.15475E+11,45141,79178107856,2.48808E+11,2.19714E+11,1.83032E+11,4557619,11571681416,,148.513544,,17.4," 6,988,685.00 "
