Country Code,Series Name,2001 [YR2001],2002 [YR2002],2003 [YR2003],2004 [YR2004],2005 [YR2005],2006 [YR2006],2007 [YR2007],2008 [YR2008],2009 [YR2009],2010 [YR2010],2011 [YR2011],2012 [YR2012],2013 [YR2013],2014 [YR2014],2015 [YR2015],2016 [YR2016],2017 [YR2017],2018 [YR2018],2019 [YR2019],2020 [YR2020],2021 [YR2021],2022 [YR2022],2023 [YR2023]
USA,GDP (current US$),1.05819E+13,1.09291E+13,1.14565E+13,1.22172E+13,1.30392E+13,1.38156E+13,1.44742E+13,1.47699E+13,1.44781E+13,1.5049E+13,1.55997E+13,1.6254E+13,1.68807E+13,1.76081E+13,1.8295E+13,1.88049E+13,1.96121E+13,2.06565E+13,2.154E+13,2.13541E+13,2.36812E+13,2.60069E+13,2.77207E+13
USA,"Labor force, total",147675633,148643435,149387480,150620242,152553292,154659557,155984236,157693229,157772573,157685533,157728109,158720710,159061993,159771895,160854617,162663672,164208490,165560920,167362601,165890228,166395605,168341090,170715034
USA,"Inflation, consumer prices (annual %)",2.826171119,1.586031627,2.270094973,2.677236693,3.392746845,3.225944101,2.852672482,3.839100297,-0.355546266,1.640043442,3.156841569,2.069337265,1.464832656,1.622222977,0.118627136,1.261583206,2.130110004,2.442583297,1.812210075,1.233584396,4.697858864,8.002799821,4.116338384
USA,"Life expectancy at birth, total (years)",76.83658537,76.93658537,77.03658537,77.48780488,77.48780488,77.68780488,77.98780488,78.03902439,78.3902439,78.54146341,78.64146341,78.74146341,78.74146341,78.84146341,78.6902439,78.53902439,78.53902439,78.63902439,78.78780488,76.9804878,76.32926829,77.43414634,..
USA,"Unemployment, total (% of total labor force) (national estimate)",4.731,5.783,5.989,5.529,5.084,4.623,4.622,5.784,9.254,9.633,8.949,8.069,7.375,6.168,5.28,4.869,4.355,3.896,3.669,8.055,5.349,3.65,3.638
USA,"Population, total",284968955,287625193,290107933,292805298,295516599,298379912,301231207,304093966,306771529,309327143,311583481,313877662,316059947,318386329,320738994,323071755,325122128,326838199,328329953,331526933,332048977,333271411,334914895
USA,"Central government debt, total (% of GDP)",52.44304701,53.86192542,56.24978069,56.66173318,56.53835125,55.46688113,55.65947282,63.81467207,75.84159543,84.96394205,89.54637169,93.6488624,95.32211463,95.45382368,95.95580087,97.92858919,97.02130348,98.44946263,100.0323491,124.5508908,118.4507557,112.8896328,114.8771628
USA,Interest payments (% of revenue),16.04028512,15.85269053,15.17197628,14.86740981,14.72672976,14.45631712,15.10200159,14.83943686,15.62379142,15.44879378,16.39415387,15.52016601,13.15601801,13.21846046,12.35029473,13.02697416,12.65050756,14.97029779,15.49667548,13.75573054,12.99928208,14.40483819,19.91046667
USA,Interest payments (% of expense),16.04379229,13.72531833,12.32462519,12.24952588,12.73107203,13.08146151,13.50921943,11.53986689,9.574240264,9.729467989,10.76016275,10.87378263,10.77853181,11.02910902,10.48758752,10.7775077,10.97805459,11.80557369,11.90429298,7.714714517,7.88793828,11.50750007,14.27355948
USA,Control of Corruption: Estimate,..,1.873596668,1.704490542,1.810701966,1.536726952,1.344892621,1.377069235,1.437633395,1.286476374,1.265258074,1.262119055,1.402794003,1.305924892,1.371378064,1.35772121,1.330895662,1.340532541,1.292747378,1.180357099,1.037831903,1.019277573,1.104144692,1.123432636
USA,Refugee population by country or territory of asylum,515851,485173,452536,420788,379330,843434,281154,279468,275393,264505,264752,262006,263653,267214,273198,272963,287135,313242,341715,340846,339179,363059,409202
USA,"Intentional homicides (per 100,000 people)",6.667238973,5.628224663,..,..,..,5.774419052,5.657596527,5.386089026,4.991377395,4.730980591,4.670943805,4.691595776,4.483441897,4.398293846,4.892981977,5.321655653,5.243923549,4.929848302,4.985946527,6.420751134,6.807466393,..,..
USA,Real interest rate (%),4.567138944,3.073247242,2.10659449,1.607680461,2.960875213,4.72786367,5.199863763,3.10104222,2.617077655,2.010282621,1.162898652,1.36246375,1.522213389,1.482561391,2.310514641,2.537232299,2.26529638,2.554749873,3.573062166,2.186281899,-1.258521589,..,..
USA,Exports of goods and services (current US$),1.02681E+12,9.97979E+11,1.03517E+12,1.17636E+12,1.30158E+12,1.47017E+12,1.6593E+12,1.83528E+12,1.58277E+12,1.85725E+12,2.11586E+12,2.2177E+12,2.28792E+12,2.37855E+12,2.27062E+12,2.23556E+12,2.38826E+12,2.53809E+12,2.53939E+12,2.15114E+12,2.55543E+12,3.01738E+12,3.05247E+12
USA,Imports of goods and services (current US$),1.40356E+12,1.43772E+12,1.55712E+12,1.8105E+12,2.04148E+12,2.25662E+12,2.39523E+12,2.57615E+12,2.00193E+12,2.38956E+12,2.69548E+12,2.76932E+12,2.76638E+12,2.88745E+12,2.79494E+12,2.73883E+12,2.93159E+12,3.13117E+12,3.11668E+12,2.77734E+12,3.41546E+12,3.97631E+12,3.84981E+12
USA,GDP growth (annual %),0.955538346,1.700447324,2.795605966,3.847771692,3.483549938,2.784539639,2.003858298,0.113587248,-2.576500234,2.695192584,1.564406854,2.289113388,2.117830099,2.523819814,2.945550455,1.819451475,2.457622303,2.966505069,2.58382533,-2.163029139,6.055052933,2.51237532,2.887556009
USA,Military expenditure (current USD),3.31806E+11,3.78463E+11,4.40532E+11,4.92999E+11,5.33203E+11,5.58335E+11,5.89586E+11,6.56756E+11,7.05917E+11,7.38005E+11,7.52288E+11,7.25205E+11,6.79229E+11,6.47789E+11,6.3383E+11,6.39856E+11,6.46753E+11,6.82491E+11,7.34344E+11,7.78397E+11,8.0623E+11,8.76943E+11,..
CHN,GDP (current US$),1.3394E+12,1.47056E+12,1.66028E+12,1.95535E+12,2.28596E+12,2.75212E+12,3.55033E+12,4.59434E+12,5.10169E+12,6.08719E+12,7.55155E+12,8.53219E+12,9.57047E+12,1.04756E+13,1.10616E+13,1.12333E+13,1.23105E+13,1.38949E+13,1.428E+13,1.46877E+13,1.78205E+13,1.78818E+13,1.77948E+13
CHN,"Labor force, total",739137779,747194990,754825867,761811789,768930175,773818605,775573486,775959285,775281852,773873234,778275581,779022561,779251311,780370287,781077009,780932880,779166682,776868988,775928449,764339479,781187865,782987715,781102856
CHN,"Inflation, consumer prices (annual %)",0.719125609,-0.731970902,1.127603487,3.824637431,1.776414077,1.649430995,4.816767674,5.92525137,-0.728165251,3.175324753,5.553898923,2.619524326,2.621050017,1.921641628,1.437023809,2.000001822,1.593136001,2.0747904,2.899234164,2.419421895,0.981015136,1.973575557,0.234836829
CHN,"Life expectancy at birth, total (years)",72.606,72.985,73.371,73.748,74.111,74.504,74.762,74.872,75.343,75.599,75.903,76.192,76.452,76.717,76.977,77.218,77.248,77.744,77.968,78.077,78.211,78.587,..
CHN,"Unemployment, total (% of total labor force) (national estimate)",3.6,4,4.3,4.2,4.2,4.1,4,4.2,4.3,4.1,4.1,4.1,4.05,4.1,..,..,3.9,4.93,5.15,5.61,5.11,..,..
CHN,"Population, total",1271850000,1280400000,1288400000,1296075000,1303720000,1311020000,1317885000,1324655000,1331260000,1337705000,1345035000,1354190000,1363240000,1371860000,1379860000,1387790000,1396215000,1402760000,1407745000,1411100000,1412360000,1412175000,1410710000
CHN,"Central government debt, total (% of GDP)",..,..,..,..,..,..,..,..,..,..,..,..,..,..,..,..,..,..,..,..,..,..,..
CHN,Interest payments (% of revenue),..,..,..,..,4.348703239,4.350642012,2.197387128,3.430663323,3.248708066,3.259954317,3.318777802,3.434463147,3.564002591,2.557567567,3.237969553,2.920954581,3.402099573,2.762214482,2.903421948,3.916151918,3.441940425,..,..
CHN,Interest payments (% of expense),..,..,..,..,..,..,..,..,..,..,..,..,..,..,..,..,..,..,..,..,..,..,..
CHN,Control of Corruption: Estimate,..,-0.557897568,-0.39526549,-0.565061569,-0.617887735,-0.518887699,-0.599234641,-0.526307642,-0.519456625,-0.570009887,-0.514727592,-0.438275933,-0.355887651,-0.337719589,-0.29992187,-0.268094301,-0.291626126,-0.286848217,-0.312614381,-0.071028143,0.030233584,0.016063672,-0.005370105
CHN,Refugee population by country or territory of asylum,295321,297273,299347,299367,301039,301024,301075,300966,300985,300984,301016,301037,301045,301052,301044,317254,321714,321758,303379,303405,303436,320,296
CHN,"Intentional homicides (per 100,000 people)",..,2.051328299,1.892583138,1.905512151,1.591708022,1.368759718,1.219738079,1.113469087,1.095266945,0.994665915,0.885346696,0.825868842,0.773199449,0.727914756,0.66010605,0.615882984,0.566555784,0.531025484,0.518966641,0.502270364,..,..,..
CHN,Real interest rate (%),3.72666389,4.679724345,2.638146636,-1.282811705,1.613277503,2.110577727,-0.259570586,-2.305615343,5.531122909,-1.002401214,-1.402428747,3.585203529,3.755387055,4.522308432,4.353072252,2.901815389,0.112553973,0.821501872,3.024384821,3.838601204,-0.193517051,2.481076076,4.961288028
CHN,Exports of goods and services (current US$),2.7206E+11,3.33002E+11,4.47958E+11,6.07357E+11,7.73339E+11,9.91731E+11,1.25806E+12,1.49787E+12,1.26266E+12,1.65482E+12,2.00631E+12,2.17507E+12,2.35426E+12,2.46283E+12,2.3621E+12,2.19997E+12,2.42422E+12,2.65561E+12,2.62894E+12,2.72988E+12,3.55411E+12,3.71789E+12,3.51324E+12
CHN,Imports of goods and services (current US$),2.43974E+11,2.9562E+11,4.12137E+11,5.56183E+11,6.48712E+11,7.82812E+11,9.50021E+11,1.14904E+12,1.04253E+12,1.43242E+12,1.82541E+12,1.94321E+12,2.11939E+12,2.24128E+12,2.00326E+12,1.94449E+12,2.20852E+12,2.56412E+12,2.49615E+12,2.37474E+12,3.09328E+12,3.14004E+12,3.1272E+12
CHN,GDP growth (annual %),8.335733478,9.13363079,10.03803048,10.11362138,11.39459181,12.72095567,14.23086093,9.650678919,9.398725633,10.63587106,9.550832179,7.863736449,7.766150098,7.425763656,7.041328879,6.848762205,6.947200793,6.749773832,5.950500754,2.238638356,8.448469417,2.95066993,5.249557864
CHN,Military expenditure (current USD),26561462998,30284127410,33144000481,37904571827,42789953651,51453373234,62136590755,78840802820,96601666753,1.05523E+11,1.25286E+11,1.45128E+11,1.6407E+11,1.82109E+11,1.96539E+11,1.98538E+11,2.10443E+11,2.32531E+11,2.40333E+11,2.57973E+11,2.85931E+11,2.91958E+11,..
DEU,GDP (current US$),1.96638E+12,2.10235E+12,2.53472E+12,2.85232E+12,2.89339E+12,3.04631E+12,3.48406E+12,3.80879E+12,3.4798E+12,3.46815E+12,3.82483E+12,3.5979E+12,3.80809E+12,3.9658E+12,3.42357E+12,3.53778E+12,3.76309E+12,4.05201E+12,3.95721E+12,3.94014E+12,4.3483E+12,4.1636E+12,4.5257E+12
DEU,"Labor force, total",40007277,40030948,40205980,40003382,41196017,41667046,41855225,41908487,41950039,41901466,41687099,41842453,42229389,42474093,42657954,43538432,43785860,43914221,44421597,43496057,43394362,44221553,44183950
DEU,"Inflation, consumer prices (annual %)",1.983857313,1.420806156,1.034222186,1.665736967,1.546911148,1.577426428,2.298344007,2.628379816,0.312739007,1.103810378,2.075172837,2.008488848,1.504723303,0.906794,0.514426137,0.491747008,1.509494851,1.732168798,1.445659769,0.144877926,3.066666667,6.872574386,5.946436677
DEU,"Life expectancy at birth, total (years)",78.32926829,78.22926829,78.3804878,78.6804878,78.93170732,79.13170732,79.53414634,79.73658537,79.83658537,79.98780488,80.43658537,80.53902439,80.4902439,81.0902439,80.64146341,80.9902439,80.99268293,80.89268293,81.29268293,81.04146341,80.7902439,80.70560976,..
DEU,"Unemployment, total (% of total labor force) (national estimate)",7.773,8.482,9.779,10.727,11.193,10.277,8.732,7.508,7.88,7.043,5.967,5.372,5.316,4.98,4.612,4.104,3.781,3.384,3.163,3.881,3.594,3.12,3.068
DEU,"Population, total",82349925,82488495,82534176,82516260,82469422,82376451,82266372,82110097,81902307,81776930,80274983,80425823,80645605,80982500,81686611,82348669,82657002,82905782,83092962,83160871,83196078,83797985,83280000
DEU,"Central government debt, total (% of GDP)",..,..,..,..,..,..,..,..,..,..,..,..,..,..,..,..,..,..,..,..,..,..,..
DEU,Interest payments (% of revenue),6.735377625,6.616721504,6.087209767,6.097194373,5.948236975,5.80070363,5.842882525,5.838049087,5.56632461,5.163368373,5.399308421,4.820874767,3.565637591,3.155198607,2.729288673,2.279018505,1.924320484,1.72893425,1.462855463,1.064802323,0.976158361,1.476652696,..
DEU,Interest payments (% of expense),6.43297271,6.197470408,5.776746091,5.722554702,5.536750691,5.591071062,5.802470547,5.784789925,5.200032135,4.649488791,5.342230622,4.870596808,3.595014753,3.229632444,2.800207327,2.342788939,1.9722879,1.805566641,1.513979288,0.953284894,0.865111732,1.341976444,..
DEU,Control of Corruption: Estimate,..,1.888743639,1.87576139,1.840065479,1.875442266,1.793642521,1.726519346,1.745895863,1.746210337,1.766428828,1.741949916,1.817630172,1.798000813,1.812294841,1.775833249,1.781293988,1.796975613,1.898398638,1.865103364,1.825341582,1.782924771,1.818363428,1.664166212
DEU,Refugee population by country or territory of asylum,903000,980001,960393,876614,699996,605329,578866,582719,593787,594250,571672,589735,187545,216956,316098,669468,970357,1063835,1146682,1210596,1255694,2075445,2593007
DEU,"Intentional homicides (per 100,000 people)",1.448820771,1.439035721,1.34854705,1.368334594,1.285521647,1.21708127,1.093813872,1.023178729,0.988178591,0.975098829,0.906373597,0.808137139,0.834959673,0.874676616,0.830965265,1.169662774,0.983971146,0.950580714,0.749265098,0.93844894,0.833247865,..,..
DEU,Real interest rate (%),..,..,..,..,..,..,..,..,..,..,..,..,..,..,..,..,..,..,..,..,..,..,..
DEU,Exports of goods and services (current US$),6.00934E+11,6.55733E+11,7.92551E+11,9.6794E+11,1.04027E+12,1.18713E+12,1.41581E+12,1.55941E+12,1.2333E+12,1.36934E+12,1.59228E+12,1.53518E+12,1.58678E+12,1.6531E+12,1.45859E+12,1.47256E+12,1.59277E+12,1.72646E+12,1.67731E+12,1.54332E+12,1.85488E+12,1.90612E+12,1.96426E+12
DEU,Imports of goods and services (current US$),5.70229E+11,5.70623E+11,7.00765E+11,8.26353E+11,8.96951E+11,1.02934E+12,1.19319E+12,1.33913E+12,1.06738E+12,1.19233E+12,1.40667E+12,1.31797E+12,1.36694E+12,1.39384E+12,1.20465E+12,1.21561E+12,1.32614E+12,1.48386E+12,1.45417E+12,1.33272E+12,1.63057E+12,1.80215E+12,1.78298E+12
DEU,GDP growth (annual %),1.636541013,-0.228310249,-0.529928994,1.162368267,0.885697236,3.855736152,2.89010719,0.910403196,-5.545164538,4.146767545,3.757968866,0.474291306,0.386224576,2.169498929,1.652719772,2.294710677,2.716024519,1.116443109,0.987893349,-4.095137491,3.669999862,1.369731055,-0.26643841
DEU,Military expenditure (current USD),25815401959,27611355672,32997363017,35776573894,30324965179,35883657973,40110859276,45098956312,44528927836,43025915012,45163212878,43798225349,44242647303,44662831168,38170021071,39909678594,42281112685,46497675956,49079444693,53318705118,56513126774,55759747827,..
JPN,GDP (current US$),4.37471E+12,4.18285E+12,4.51956E+12,4.89312E+12,4.83147E+12,4.60166E+12,4.57975E+12,5.10668E+12,5.28949E+12,5.75907E+12,6.23315E+12,6.27236E+12,5.21233E+12,4.89699E+12,4.44493E+12,5.00368E+12,4.93084E+12,5.04088E+12,5.11799E+12,5.05559E+12,5.03462E+12,4.25641E+12,4.20449E+12
JPN,"Labor force, total",67613321,67050538,66788730,66508242,66583560,66690692,66791694,66616890,66334589,66101539,65675447,65375384,65626688,65840129,65932267,66533592,67066389,68191530,68814267,68659777,68666915,68929060,69208137
JPN,"Inflation, consumer prices (annual %)",-0.740055504,-0.923494027,-0.256541816,-0.008573388,-0.282946069,0.249355116,0.060039454,1.380078862,-1.35283673,-0.728243208,-0.272455616,-0.04406451,0.335037912,2.759226714,0.795279631,-0.127258844,0.484199796,0.989094598,0.468776159,-0.024995834,-0.233352779,2.497702782,3.268133659
JPN,"Life expectancy at birth, total (years)",81.41634146,81.69073171,81.76,82.0302439,81.95512195,82.32195122,82.50707317,82.58756098,82.93146341,82.84268293,82.59121951,83.09609756,83.33195122,83.58780488,83.79390244,83.98487805,84.0997561,84.21097561,84.35634146,84.56,84.44560976,83.99634146,..
JPN,"Unemployment, total (% of total labor force) (national estimate)",5.02,5.386,5.251,4.734,4.446,4.192,3.888,4.002,5.068,5.103,4.55,4.358,4.038,3.589,3.385,3.132,2.822,2.467,2.351,2.809,2.828,2.6,2.6
JPN,"Population, total",127149000,127445000,127718000,127761000,127773000,127854000,128001000,128063000,128047000,128070000,127833000,127629000,127445000,127276000,127141000,127076000,126972000,126811000,126633000,126261000,125681593,125124989,124516650
JPN,"Central government debt, total (% of GDP)",102.846758,111.8762497,121.9153209,127.5476298,128.2074929,128.5996679,132.2220465,138.5742742,156.9844853,160.4980984,175.5676412,183.7062093,186.5642973,192.1128503,194.5840612,193.2304378,193.4891597,197.3356094,198.0103092,215.7555406,216.3293649,216.2133755,..
JPN,Interest payments (% of revenue),..,..,..,..,..,..,..,..,..,..,..,..,..,..,..,..,..,..,..,..,..,..,..
JPN,Interest payments (% of expense),11.36451327,10.63103929,10.12570222,9.924486783,9.435158084,10.29229255,11.49842624,10.86296004,9.252723918,9.688701741,9.222195797,9.340555687,9.260134198,9.457350398,9.46949788,9.330758128,9.089437448,8.936504139,8.501954039,5.926917935,6.156772123,6.260537365,..
JPN,Control of Corruption: Estimate,..,0.936939836,1.169873714,1.200011015,1.210124135,1.320848703,1.230227828,1.32388854,1.369224548,1.553623199,1.55437541,1.618948698,1.648249269,1.690213561,1.52976644,1.482243896,1.48122704,1.388587594,1.430998325,1.463714361,1.535760522,1.539929628,1.395660639
JPN,Refugee population by country or territory of asylum,3198,2658,2266,1967,1940,1842,1792,2016,2331,2583,2645,2579,2586,2562,2479,2512,2189,1893,1463,1132,1508,15451,22335
JPN,"Intentional homicides (per 100,000 people)",0.548534996,0.520024271,0.54665658,0.547499761,0.503136296,0.483963653,0.448414988,0.5106278,0.39495136,0.362982269,0.345292925,0.335539794,0.28978941,0.309860462,0.285263134,0.285053157,0.241586948,0.264542164,0.253593885,0.253902837,0.228708942,..,..
JPN,Real interest rate (%),3.087795385,3.301822933,3.48582884,2.924240609,2.90562806,2.548823046,2.606878389,2.846981386,2.306032611,3.545761915,3.174489687,2.180076528,1.664021933,-0.459381592,-0.94844123,0.62219276,1.069144407,..,..,..,..,..,..
JPN,Exports of goods and services (current US$),4.40831E+11,4.54067E+11,5.18204E+11,6.25647E+11,6.6751E+11,7.205E+11,7.91799E+11,8.80164E+11,6.56932E+11,8.59167E+11,9.20914E+11,9.04147E+11,8.22722E+11,8.52991E+11,7.75052E+11,8.03489E+11,8.67405E+11,9.23235E+11,8.93782E+11,7.85058E+11,9.12549E+11,9.16904E+11,9.17023E+11
JPN,Imports of goods and services (current US$),4.14845E+11,4.01205E+11,4.45643E+11,5.32278E+11,5.99781E+11,6.60753E+11,7.11119E+11,8.62719E+11,6.33184E+11,7.8208E+11,9.61182E+11,1.0071E+12,9.48363E+11,9.80025E+11,7.99672E+11,7.63175E+11,8.29947E+11,9.22228E+11,9.08592E+11,7.98645E+11,9.38756E+11,1.07696E+12,9.81838E+11
JPN,GDP growth (annual %),0.386103426,0.041962499,1.535125499,2.186115694,1.803900872,1.372350128,1.483969412,-1.224289001,-5.693236359,4.097917919,0.023809524,1.374750999,2.005100177,0.296205514,1.560626697,0.753826746,1.675331752,0.643391023,-0.402169201,-4.147118899,2.559320239,0.954736938,1.679019523
JPN,Military expenditure (current USD),40757967234,39333708170,42486177361,45339809415,44300613330,41552592886,40530045688,46361468280,51465158208,54655450735,60762213841,60011530195,49023932407,46903466613,42106103306,46471287714,45058468761,48535909411,50778006586,51396536059,50957471034,45992092172,..
IND,GDP (current US$),4.8544E+11,5.14939E+11,6.07701E+11,7.09153E+11,8.20384E+11,9.4026E+11,1.21674E+12,1.1989E+12,1.34189E+12,1.67562E+12,1.82305E+12,1.82764E+12,1.85672E+12,2.03913E+12,2.10359E+12,2.2948E+12,2.65147E+12,2.70293E+12,2.83561E+12,2.67485E+12,3.16727E+12,3.35347E+12,3.56755E+12
IND,"Labor force, total",396178466,402165772,407898572,413644195,419167910,428693584,438247476,447664226,457305388,467254641,471412462,475309536,483186757,490745332,497789579,504244331,510327511,515791416,520803638,521195326,535976346,556017498,596405891
IND,"Inflation, consumer prices (annual %)",3.779293122,4.297152039,3.805858995,3.767251735,4.24634362,5.796523376,6.372881356,8.349267049,10.88235294,11.98938992,8.911793365,9.478996914,10.01787847,6.665656719,4.906973441,4.948216341,3.328173375,3.938826467,3.729505735,6.623436776,5.131407472,6.699034141,5.649143189
IND,"Life expectancy at birth, total (years)",63.091,63.616,64.094,64.524,64.996,65.412,65.788,66.149,66.513,66.909,67.359,67.887,68.46,69.074,69.636,70.117,70.467,70.71,70.91,70.15,67.24,67.744,..
IND,"Unemployment, total (% of total labor force) (national estimate)",..,..,..,..,3.804,..,..,..,..,3.115,..,3.222,..,..,..,..,..,7.652,6.51,7.859,6.38,4.822,4.172
IND,"Population, total",1077898575,1097600380,1116803006,1135991513,1154676322,1172878890,1190676021,1207930964,1225524753,1243481564,1261224954,1278674502,1295829511,1312277191,1328024498,1343944296,1359657400,1374659064,1389030312,1402617695,1414203896,1425423212,1438069596
IND,"Central government debt, total (% of GDP)",59.0179098,62.55277129,62.1900539,62.59297674,62.2265261,59.66673028,57.49753639,57.29221428,55.25644611,51.5919103,51.55655366,50.67803056,50.31182736,49.90092487,49.96471839,47.63375559,47.58360938,46.52249867,..,..,..,..,..
IND,Interest payments (% of revenue),40.93629059,39.46951335,36.05854227,31.90673024,28.57095349,25.63898016,23.37026402,26.53850237,28.46290689,22.82578753,22.86838944,24.90866525,25.68915783,27.18508476,25.20961764,24.21056088,24.2919369,23.01130625,..,..,..,33.97619976,..
IND,Interest payments (% of expense),29.27103043,28.69085166,27.61621024,25.64459367,23.38234707,22.57835904,22.20204942,19.73388353,19.37223869,18.28066472,18.1969065,19.45783207,19.4875636,21.23559695,20.71488956,20.3860448,19.83340191,19.39650979,..,..,..,23.22659299,..
IND,Control of Corruption: Estimate,..,-0.55538249,-0.456320524,-0.448476195,-0.363160849,-0.274562806,-0.397690296,-0.339097977,-0.452406287,-0.463754565,-0.540835857,-0.51396811,-0.517280996,-0.457605749,-0.40657419,-0.337335646,-0.291900009,-0.229758978,-0.30260244,-0.293598413,-0.317147106,-0.322223276,-0.366014749
IND,Refugee population by country or territory of asylum,169548,168853,164754,162683,139284,158358,161534,184539,185318,184814,185118,185644,188391,199931,201379,197848,197142,195887,195103,195373,212413,242835,252867
IND,"Intentional homicides (per 100,000 people)",4.302247607,4.164204411,3.967281189,4.091476642,3.905550671,3.835039683,3.812920257,3.811856573,3.7448918,3.744921001,3.788104108,3.72526295,3.55331583,3.62257613,3.354306716,3.161426203,3.028882799,2.993783858,2.92666093,2.911155454,2.936278893,..,..
IND,Real interest rate (%),8.591449296,7.907177189,7.30788116,4.910128303,4.855145172,2.570606702,5.681844065,3.77175625,4.808592108,-1.983859221,1.317980862,2.473520489,3.865992863,6.69517609,7.556488414,6.232711415,5.327608862,5.36166639,6.894875427,4.135999578,0.316945144,1.704610929,..
IND,Exports of goods and services (current US$),60963415577,73452895952,90838575244,1.26648E+11,1.60838E+11,1.99974E+11,2.53078E+11,2.88902E+11,2.73752E+11,3.75354E+11,4.47384E+11,4.484E+11,4.7218E+11,4.68346E+11,4.16788E+11,4.39643E+11,4.98259E+11,5.38635E+11,5.29245E+11,4.99729E+11,6.77769E+11,7.78022E+11,7.79446E+11
IND,Imports of goods and services (current US$),65218276482,78498759286,95071869379,1.39311E+11,1.83737E+11,2.29955E+11,3.02804E+11,3.50927E+11,3.47178E+11,4.49974E+11,5.66668E+11,5.71307E+11,5.27555E+11,5.29239E+11,4.65098E+11,4.80169E+11,5.82018E+11,6.40301E+11,6.02315E+11,5.10245E+11,7.60903E+11,8.97551E+11,8.5884E+11
IND,GDP growth (annual %),4.823966266,3.803975321,7.860381476,7.922936612,7.923430621,8.060732572,7.660815067,3.086698059,7.861888833,8.497584702,5.241316199,5.456387552,6.386106401,7.410227605,7.996253786,8.256305502,6.795383419,6.453851345,3.871436941,-5.777724707,9.689592492,6.987039326,8.152936311
IND,Military expenditure (current USD),14600642346,14749667252,16333986643,20238566527,23072312925,23951927958,28254773450,33002376727,38722154392,46090445657,49633815794,47216920048,47403528801,50914096277,51295483754,56637622641,64559435281,66257801718,71468900524,72937064048,76348538794,81363188269,..
GBR,GDP (current US$),1.64983E+12,1.78573E+12,2.05442E+12,2.42153E+12,2.54318E+12,2.70844E+12,3.09051E+12,2.92941E+12,2.41284E+12,2.48548E+12,2.66381E+12,2.70709E+12,2.78485E+12,3.06471E+12,2.92791E+12,2.68911E+12,2.68015E+12,2.87134E+12,2.85141E+12,2.69678E+12,3.14332E+12,3.11404E+12,3.38085E+12
GBR,"Labor force, total",29590457,29900771,30105967,30311485,30774762,31271553,31478192,31876353,32030077,32185049,32432639,32729366,33002985,33265645,33548990,33877837,34068678,34355301,34633377,34558338,34238995,34728540,35193154
GBR,"Inflation, consumer prices (annual %)",1.532349603,1.520402459,1.376500385,1.390397567,2.08913649,2.455661664,2.386561508,3.521408563,1.961731736,2.492654725,3.856112447,2.573234797,2.291666667,1.451120163,0.368046842,1.008417368,2.557755776,2.292839903,1.738104601,0.989486704,2.518371096,7.922048831,6.793967068
GBR,"Life expectancy at birth, total (years)",77.99268293,78.14390244,78.44634146,78.74634146,79.04878049,79.24878049,79.44878049,79.6,80.05121951,80.40243902,80.95121951,80.90487805,81.00487805,81.30487805,80.95609756,81.15609756,81.25609756,81.25609756,81.40487805,80.35121951,80.7,82.05853659,..
GBR,"Unemployment, total (% of total labor force) (national estimate)",4.696,5.037,4.807,4.594,4.884,5.473,5.399,5.748,7.683,7.973,8.195,8.279,7.752,6.398,5.552,4.909,4.501,4.145,3.657,4.518,4.865,3.768,4.025
GBR,"Population, total",59119673,59370479,59647577,59987905,60401206,60846820,61322463,61806995,62276270,62766365,63258810,63700215,64128273,64602298,65116219,65611593,66058859,66460344,66836327,67081234,67026292,67791000,68350000
GBR,"Central government debt, total (% of GDP)",84.36493083,86.40056268,86.69351698,90.51183356,92.15920798,92.16480825,93.80249211,105.4068148,123.728598,131.0879405,143.7590145,147.0536816,141.6433278,150.5916197,147.9494127,156.6044652,161.2697253,158.1627874,160.3219183,196.6405766,186.7949156,141.2443972,138.1934898
GBR,Interest payments (% of revenue),6.581515132,5.974604152,5.988801202,5.894582167,6.074659095,6.155140426,6.712468203,6.607066093,6.23440595,7.842013023,9.883340122,8.906417947,8.739576038,8.422474726,7.299626051,7.537008697,8.162536589,7.555451633,6.741433637,6.111201099,7.898291736,11.81638539,9.030916967
GBR,Interest payments (% of expense),6.262811276,5.286584579,5.090151313,5.139526847,5.398442532,5.399556484,5.901705102,5.522087895,4.575922808,6.800332404,7.757926111,6.918227983,7.335674442,7.03254425,6.297844617,6.80338761,7.484909821,6.840457417,6.161227003,4.296113813,6.353789166,10.44135252,7.760933325
GBR,Control of Corruption: Estimate,..,2.002636671,1.982953906,1.910911679,1.89147985,1.782940269,1.732870221,1.668904305,1.623889804,1.605673909,1.614863515,1.665460467,1.718897581,1.746339202,1.831268311,1.850517273,1.814270496,1.806870818,1.748667479,1.660201192,1.640584111,1.620121479,1.480913877
GBR,Refugee population by country or territory of asylum,233389,260687,276482,298826,303163,301537,299701,292081,269355,238133,193494,149790,126036,117226,123051,118973,121821,126708,133083,132304,137078,328989,448620
GBR,"Intentional homicides (per 100,000 people)",1.634738608,1.865027599,1.552394166,1.583442842,1.381166485,1.414387611,1.425057732,1.234164981,1.134257215,1.204588171,1.012856451,0.982624211,0.937758102,0.909322429,0.999626459,1.201732633,1.224555202,1.136483485,1.150068018,1.003586756,..,..,..
GBR,Real interest rate (%),3.557367143,1.841917583,1.27823498,1.745980732,1.658371656,1.795678025,3.189036251,1.206755425,-1.228910117,-1.072045031,-1.65955031,-1.026900718,-1.576192178,-0.808242607,..,..,..,..,..,..,..,..,..
GBR,Exports of goods and services (current US$),4.21484E+11,4.37689E+11,4.94222E+11,5.82917E+11,6.427E+11,7.4515E+11,7.88437E+11,8.05763E+11,6.48609E+11,7.17229E+11,8.36105E+11,8.28872E+11,8.43516E+11,8.75778E+11,8.15305E+11,7.77215E+11,8.27907E+11,9.06772E+11,9.02036E+11,8.00129E+11,9.1723E+11,1.0453E+12,1.07047E+12
GBR,Imports of goods and services (current US$),4.49981E+11,4.79813E+11,5.3791E+11,6.38784E+11,6.97065E+11,7.96344E+11,8.48431E+11,8.55173E+11,6.78559E+11,7.55985E+11,8.57154E+11,8.55641E+11,8.83068E+11,9.35306E+11,8.59564E+11,8.28193E+11,8.63847E+11,9.46467E+11,9.4183E+11,7.85068E+11,9.24271E+11,1.09967E+12,1.08918E+12
GBR,GDP growth (annual %),2.572780386,1.79566077,3.152346538,2.457904411,2.732660761,2.380694025,2.62488002,-0.248797298,-4.62055372,2.233315126,1.138362347,1.508998374,1.799921494,3.194637313,2.222888449,1.921710078,2.656504893,1.405190266,1.624475159,-10.29691887,8.575950905,4.839085147,0.339966158
GBR,Military expenditure (current USD),39512579944,44245265998,52343122277,60250782545,61653635038,64217619528,73448032014,72915407670,64010506670,63979111970,66569552573,65452487554,63837724855,66995468654,59990205719,53327366088,52075008432,55832916405,56567602041,58332371795,67500687758,68462578612,..
FRA,GDP (current US$),1.37038E+12,1.49243E+12,1.8351E+12,2.10979E+12,2.19215E+12,2.31786E+12,2.65582E+12,2.9268E+12,2.70008E+12,2.64623E+12,2.87041E+12,2.68301E+12,2.81608E+12,2.86124E+12,2.44248E+12,2.47041E+12,2.58887E+12,2.78158E+12,2.72279E+12,2.64793E+12,2.96643E+12,2.7963E+12,3.05183E+12
FRA,"Labor force, total",27629783,27965567,28552830,28717381,28809025,28989926,29227947,29432425,29703268,29799068,29821699,30092466,30373525,30376136,30500320,30570373,30556875,30711584,30684205,30434308,31355965,31724601,31978597
FRA,"Inflation, consumer prices (annual %)",1.634780795,1.923412287,2.098472191,2.142089646,1.745869364,1.675124496,1.48799806,2.812861949,0.087620478,1.531122704,2.111597952,1.954195316,0.863715498,0.507758823,0.037514381,0.183334861,1.032282751,1.850815083,1.108254923,0.476498853,1.64233141,5.222367484,4.878357265
FRA,"Life expectancy at birth, total (years)",79.15853659,79.26097561,79.11463415,80.16341463,80.16341463,80.81219512,81.11219512,81.21463415,81.41463415,81.66341463,82.11463415,81.96829268,82.2195122,82.7195122,82.32195122,82.57317073,82.57560976,82.67560976,82.82682927,82.17560976,82.32439024,82.22926829,..
FRA,"Unemployment, total (% of total labor force) (national estimate)",8.61,8.702,8.307,8.914,8.882,8.833,8.009,7.386,9.122,9.279,9.228,9.841,9.913,10.273,10.354,10.057,9.41,9.018,8.415,8.01,7.874,7.308,7.335
FRA,"Population, total",61364377,61812142,62249855,62707588,63180854,63622342,64016890,64375116,64706436,65026211,65340830,65657659,65997932,66312067,66548272,66724104,66918020,67158348,67382061,67601110,67842811,68065015,68287487
FRA,"Central government debt, total (% of GDP)",58.12606462,61.54471839,64.00140589,64.94393015,65.75480335,61.04465345,59.59436111,65.45076364,77.97120857,80.26967522,82.14169989,90.30211225,90.83284713,97.37464684,97.84816183,102.36788,102.4633233,101.9648438,105.1954135,123.1485705,116.6078832,98.0533133,..
FRA,Interest payments (% of revenue),6.334423636,6.476219365,6.279510078,6.16789684,6.076634736,5.713199012,5.857481999,6.145693051,5.708600553,5.728555222,6.069992405,5.750086722,4.974413748,4.720748289,4.390476875,4.116159104,3.827075281,3.784966054,3.265952124,2.857778704,3.13068937,4.219366271,..
FRA,Interest payments (% of expense),6.148271172,6.048284121,5.758265666,5.727949016,5.673814062,5.436069532,5.567449349,5.771981815,4.924026872,4.982028936,5.433846896,5.196574139,4.594327714,4.357056918,4.051575676,3.790720023,3.57683801,3.581890258,3.047705959,2.373150222,2.724053326,3.80881682,..
FRA,Control of Corruption: Estimate,..,1.191585183,1.305756092,1.311163783,1.357538223,1.45506084,1.456001759,1.39503479,1.429969311,1.487756133,1.537773252,1.471969485,1.304333687,1.287985563,1.247834802,1.328288913,1.224527001,1.2815516,1.248062253,1.122619987,1.281936288,1.259436131,1.184821844
FRA,Refugee population by country or territory of asylum,131601,132182,130838,139852,137316,145996,151789,171206,196364,200687,210207,217865,232487,252248,273117,304527,337158,368345,407915,436055,499914,612934,664366
FRA,"Intentional homicides (per 100,000 people)",1.774132062,1.884701857,1.652484059,1.647023335,1.612954417,1.442896035,1.619126221,1.654217934,1.31898297,1.274730594,1.363594327,1.243035365,1.226806334,1.245508405,1.585964055,1.217390681,1.106883017,1.082799845,1.169259043,1.07320011,1.137429995,..,..
FRA,Real interest rate (%),..,..,..,..,..,..,..,..,..,..,..,..,..,..,..,..,..,..,..,..,..,..,..
FRA,Exports of goods and services (current US$),4.0331E+11,4.28785E+11,4.97989E+11,5.80997E+11,6.17386E+11,6.70507E+11,7.6643E+11,8.54599E+11,6.98805E+11,7.36353E+11,8.47886E+11,8.14445E+11,8.61474E+11,8.79596E+11,7.74108E+11,7.78134E+11,8.36511E+11,9.15639E+11,8.95515E+11,7.56174E+11,9.28139E+11,1.02075E+12,1.04617E+12
FRA,Imports of goods and services (current US$),3.76341E+11,3.94028E+11,4.67251E+11,5.53012E+11,6.06332E+11,6.70822E+11,7.77996E+11,8.77477E+11,7.1061E+11,7.61084E+11,8.91744E+11,8.39869E+11,8.79403E+11,9.00072E+11,7.76983E+11,7.8669E+11,8.56502E+11,9.42517E+11,9.13209E+11,8.01836E+11,9.64104E+11,1.09857E+12,1.10719E+12
FRA,GDP growth (annual %),1.899467003,1.06775025,0.967827178,2.868250572,1.888565802,2.714064518,2.530481862,0.380171426,-2.824551503,2.000324727,2.437576569,0.183835271,0.781756446,0.997832938,1.066754735,0.860031082,2.083614851,1.645908729,2.027446476,-7.44064593,6.882337866,2.570840474,0.936487503
FRA,Military expenditure (current USD),27951566384,30578398933,38569115813,44524579613,44442050523,45792148416,50684467384,55365965845,56441455398,52044060565,54120871010,50216507403,52001462448,53134750899,45647471641,47370589553,49195662250,51409812839,50118929212,52747064858,56646996216,53638748769,..
BRA,GDP (current US$),5.59984E+11,5.09795E+11,5.58234E+11,6.69289E+11,8.91634E+11,1.10763E+12,1.39711E+12,1.69586E+12,1.667E+12,2.20884E+12,2.61616E+12,2.46523E+12,2.47282E+12,2.45604E+12,1.80221E+12,1.79569E+12,2.06351E+12,1.91693E+12,1.87329E+12,1.47611E+12,1.67065E+12,1.95192E+12,2.17367E+12
BRA,"Labor force, total",80543699,83316348,84788363,87100090,89598384,90710855,91690204,92861602,94560778,94138438,93624583,95760983,97041198,98083034,99859951,101235794,102922846,104115637,105907298,99689363,103775454,106313533,106131599
BRA,"Inflation, consumer prices (annual %)",6.840359025,8.450164377,14.71491972,6.5971851,6.869537209,4.183568129,3.641272991,5.678593903,4.888034799,5.038726901,6.636449622,5.40349914,6.204310666,6.329040155,9.029901024,8.739143523,3.44637335,3.664850284,3.732976212,3.211768038,8.301659756,9.28010609,4.593562823
BRA,"Life expectancy at birth, total (years)",70.195,70.41,70.72,71.131,71.753,72.037,72.365,72.715,72.948,73.182,73.343,73.552,73.918,74.306,74.332,74.442,74.827,75.109,75.338,74.009,72.75,73.425,..
BRA,"Unemployment, total (% of total labor force) (national estimate)",10.649,10.641,11.169,10.072,10.551,9.692,9.28,8.268,9.419,..,7.578,7.251,7.071,6.755,8.538,11.58,12.792,12.33,11.936,13.697,13.159,9.231,7.947
BRA,"Population, total",176301203,178503484,180622688,182675143,184688101,186653106,188552320,190367302,192079951,193701929,195284734,196876111,198478299,200085127,201675532,203218114,204703445,206107261,207455459,208660842,209550294,210306415,211140729
BRA,"Central government debt, total (% of GDP)",..,..,..,..,..,..,..,..,..,61.31878046,59.3416583,59.84949,57.22840938,58.45727111,67.53755403,73.41880381,83.66920265,86.60788412,92.56525319,98.70988195,85.01150367,79.10232189,83.69893694
BRA,Interest payments (% of revenue),..,..,..,..,..,..,..,..,..,24.15797036,26.00597887,23.16762871,24.00012053,26.9262537,39.91163561,32.61660282,31.28442508,29.86301653,23.74277596,21.66108704,23.93576812,25.85372294,30.8390881
BRA,Interest payments (% of expense),..,..,..,..,..,..,..,..,..,22.82227481,24.1827385,22.32906044,22.30544858,22.98924352,31.62796727,26.5286208,24.03078391,24.08647671,19.90618353,14.47104162,20.57798252,22.4385778,24.14067444
BRA,Control of Corruption: Estimate,..,0.081942312,0.090239018,-0.027268711,-0.15374814,-0.120479897,-0.083988786,0.003437368,-0.079985611,0.043806359,0.168382421,-0.046854232,-0.097959608,-0.36611709,-0.457840711,-0.446095586,-0.559814632,-0.480954379,-0.407892704,-0.429083496,-0.499217957,-0.566354334,-0.503643155
BRA,Refugee population by country or territory of asylum,2877,3176,3190,3333,3446,3478,20764,3831,4218,4346,4466,4681,5185,7478,8703,9674,10260,11304,32844,59092,61956,67522,235765
BRA,"Intentional homicides (per 100,000 people)",26.90898025,27.54372392,27.96046754,26.19828106,25.47841509,26.03793159,25.0189417,26.02086318,26.45571076,26.63003314,26.35563761,28.19714307,28.17990386,29.35864672,28.35640577,29.58915444,30.59303721,26.63601257,20.8104642,22.3840654,..,..,..
BRA,Real interest rate (%),45.63781871,48.34043745,46.44739884,43.77915272,44.63516886,41.24032645,35.02251547,35.3667578,34.79200963,29.11580552,32.83345951,26.58209053,18.49884442,22.40367244,33.83234397,40.69836145,41.71380787,33.10233425,31.90307275,21.19717969,15.01088497,28.39609283,37.20750933
BRA,Exports of goods and services (current US$),69279555096,72546876638,84744257516,1.10739E+11,1.35919E+11,1.59214E+11,1.86203E+11,2.29517E+11,1.80892E+11,2.40003E+11,3.03017E+11,2.92808E+11,2.90364E+11,2.70458E+11,2.32489E+11,2.23863E+11,2.58331E+11,2.80543E+11,2.64563E+11,2.42872E+11,3.19251E+11,3.83178E+11,3.93657E+11
BRA,Imports of goods and services (current US$),81559232850,68250204101,72344866165,87894373255,1.05596E+11,1.29231E+11,1.67164E+11,2.32732E+11,1.87614E+11,2.62997E+11,3.23145E+11,3.26316E+11,3.47276E+11,3.35826E+11,2.53273E+11,2.16686E+11,2.43511E+11,2.72994E+11,2.76635E+11,2.33941E+11,3.09853E+11,3.74482E+11,3.42215E+11
BRA,GDP growth (annual %),1.389896401,3.053461859,1.140828998,5.759964637,3.202132061,3.961988711,6.069870607,5.094195447,-0.125812002,7.528225818,3.974423079,1.921175986,3.004822669,0.50395574,-3.545763393,-3.275916908,1.322869054,1.783666762,1.220777824,-3.276758796,4.762604379,3.016694354,2.908480487
BRA,Military expenditure (current USD),10930231568,9664561903,8392905884,9780111585,13588619736,16404867307,20485758015,24452903036,25648809911,34002944470,36936209896,33987005074,32874787231,32660239369,24617701683,24224746901,29261833097,28177406872,25906871197,19591209004,19187122475,20210787437,..
ITA,GDP (current US$),1.17204E+12,1.28175E+12,1.58293E+12,1.81281E+12,1.86498E+12,1.95856E+12,2.22252E+12,2.41751E+12,2.20948E+12,2.14494E+12,2.30697E+12,2.09793E+12,2.15323E+12,2.17326E+12,1.84543E+12,1.88711E+12,1.97072E+12,2.09944E+12,2.01961E+12,1.90748E+12,2.17921E+12,2.103E+12,2.30094E+12
ITA,"Labor force, total",23594657,23859226,24208053,24601906,24449693,24517734,24487479,24832506,24627489,24561375,24581370,25139329,25297977,25699340,25663376,25942714,26115159,26175811,25917869,25135572,25097922,25385683,25785989
ITA,"Inflation, consumer prices (annual %)",2.785165427,2.465323192,2.672555528,2.206736614,1.985292985,2.09084391,1.829741122,3.347832584,0.774768131,1.525516021,2.780632729,3.041363332,1.219993423,0.24104743,0.0387904,-0.094016657,1.226533166,1.137487636,0.611246944,-0.137707574,1.873783258,8.201289912,5.622194422
ITA,"Life expectancy at birth, total (years)",80.12682927,80.22926829,79.98292683,80.7804878,80.78292683,81.28292683,81.43414634,81.48536585,81.63658537,82.03658537,82.18780488,82.23902439,82.6902439,83.0902439,82.54390244,83.24390244,82.94634146,83.34634146,83.49756098,82.19512195,82.64634146,82.9,..
ITA,"Unemployment, total (% of total labor force) (national estimate)",9.599,9.211,8.869,7.866,7.731,6.777,6.076,6.723,7.749,8.363,8.359,10.655,12.149,12.683,11.896,11.688,11.211,10.61,9.952,9.164,9.497,8.069,7.627
ITA,"Population, total",56974100,57059007,57313203,57685327,57969484,58143979,58438310,58826731,59095365,59277417,59379449,59539717,60233948,60789140,60730582,60627498,60536709,60421760,59729081,59438851,59133173,59013667,58993475
ITA,"Central government debt, total (% of GDP)",..,..,..,..,..,..,..,..,..,..,..,..,..,..,..,..,..,..,..,..,..,..,..
ITA,Interest payments (% of revenue),15.92323266,14.46154219,13.21363178,12.34212419,12.171802,11.48163804,11.77447726,12.09889767,10.63164649,10.53750902,11.51048359,12.38145101,11.50596284,11.02437592,9.931352168,9.448886559,9.168792194,8.959191568,8.140468356,8.276070443,8.342015762,10.06513566,..
ITA,Interest payments (% of expense),14.77320208,13.45217523,12.19663576,11.46765243,11.13148487,10.69134203,11.39627147,11.38138265,9.519935375,9.60244231,10.59621059,11.3831834,10.65886085,10.14834932,9.196962415,8.841237394,8.577437022,8.420285855,7.821823232,6.71767685,6.914646712,8.503817871,..
ITA,Control of Corruption: Estimate,..,0.523466825,0.484606415,0.361397028,0.403579652,0.477287948,0.331189245,0.262665063,0.194480166,0.283443719,0.299565822,0.172010645,0.070905864,0.005657753,0.026577624,0.081554696,0.175231233,0.215687439,0.233934671,0.50953573,0.517084956,0.527714252,0.550129175
ITA,Refugee population by country or territory of asylum,8541,10031,12812,15668,20674,26870,38061,47059,54962,56402,58066,64782,76248,93712,118036,147362,167330,189227,207602,128033,144862,296181,298296
ITA,"Intentional homicides (per 100,000 people)",1.243968933,1.127696242,..,..,1.048112199,1.069657774,1.073522101,1.03842636,0.990550468,0.884283409,0.919602249,0.880542812,0.832330233,0.787430403,0.778644152,0.672004707,0.626624557,0.599558176,0.530739956,0.47898694,0.511475886,..,..
ITA,Real interest rate (%),4.098202175,3.128116184,2.581328195,2.802701859,3.163790646,3.332053043,3.774839391,4.328629072,2.932157757,3.413420208,2.82160351,3.461197426,3.973647986,3.928657805,3.320481576,2.220281914,2.274864132,1.59237084,1.539375726,0.739269304,0.733185623,-1.251162981,-0.875338875
ITA,Exports of goods and services (current US$),2.99586E+11,3.11627E+11,3.6762E+11,4.33748E+11,4.57142E+11,5.10266E+11,6.05528E+11,6.46509E+11,4.9221E+11,5.34489E+11,6.12801E+11,5.87109E+11,6.06724E+11,6.22038E+11,5.37834E+11,5.43464E+11,5.93973E+11,6.4691E+11,6.25066E+11,5.4794E+11,6.79294E+11,7.38509E+11,7.76101E+11
ITA,Imports of goods and services (current US$),2.84832E+11,3.01962E+11,3.60434E+11,4.23101E+11,4.58978E+11,5.26275E+11,6.13039E+11,6.64126E+11,5.05183E+11,5.7363E+11,6.43859E+11,5.64329E+11,5.56754E+11,5.61398E+11,4.85192E+11,4.83731E+11,5.40827E+11,5.9753E+11,5.60326E+11,4.80945E+11,6.34811E+11,7.76766E+11,7.48045E+11
ITA,GDP growth (annual %),2.006433298,0.26992962,0.066553853,1.474021673,0.76241072,1.799479905,1.462292025,-1.023138477,-5.305154033,1.529105757,0.695463129,-3.125238795,-1.818025061,-0.00138764,0.885667638,1.236221107,1.603699946,0.826646697,0.429162534,-8.86822121,8.931062066,4.661762651,0.697632994
ITA,Military expenditure (current USD),19519381482,21610059762,26824213292,30261076655,29737642392,29633022263,31982431792,36839989746,34054481324,32020819951,33828804971,29781008205,29957445905,27701034335,22180845070,25033027895,26447892915,28420098438,26380673981,32929093811,36249278619,33489705251,..
CAN,GDP (current US$),7.38982E+11,7.60649E+11,8.95541E+11,1.02669E+12,1.17311E+12,1.31926E+12,1.46882E+12,1.55299E+12,1.37463E+12,1.61734E+12,1.79333E+12,1.82837E+12,1.8466E+12,1.80575E+12,1.55651E+12,1.52799E+12,1.64927E+12,1.72533E+12,1.74373E+12,1.65568E+12,2.00747E+12,2.16148E+12,2.14247E+12
CAN,"Labor force, total",16580176,17062897,17457684,17668211,17814547,18032162,18379672,18660227,18786223,18984723,19145797,19315299,19521170,19585334,19691889,19879259,20145614,20348720,20768146,20480700,20965378,21375151,22136786
CAN,"Inflation, consumer prices (annual %)",2.52512014,2.258394409,2.758563214,1.857258719,2.213552034,2.002025395,2.138383993,2.370270674,0.299466803,1.776871541,2.912135089,1.515678231,0.938291898,1.906635907,1.125241361,1.428759547,1.596884129,2.268225672,1.949269024,0.716999632,3.395193185,6.802801153,3.879001598
CAN,"Life expectancy at birth, total (years)",79.39804878,79.53073171,79.71512195,79.99219512,80.11268293,80.54365854,80.54365854,80.72463415,81.06609756,81.32219512,81.48268293,81.66365854,81.74487805,81.78439024,81.81560976,81.92487805,81.83292683,81.84390244,82.22390244,81.6604878,81.58707317,81.29560976,..
CAN,"Unemployment, total (% of total labor force) (national estimate)",7.219,7.665,7.574,7.185,6.758,6.484,6.156,6.284,8.46,8.178,7.637,7.392,7.143,7.023,6.945,7.038,6.426,5.837,5.69,9.657,7.527,5.28,5.415
CAN,"Population, total",31020855,31359199,31642461,31938807,32242732,32571193,32888886,33247298,33630069,34005902,34339221,34713395,35080992,35434066,35704498,36110803,36545075,37072620,37618495,38028638,38239864,38939056,40097761
CAN,"Central government debt, total (% of GDP)",57.45835645,54.14911949,51.27133706,46.80098583,46.06165142,43.29167819,39.15856395,45.32051127,53.19244667,53.14973296,54.11938584,55.72516494,53.20086908,51.48270813,55.99158378,56.0236244,54.46256518,53.15153565,53.36232469,74.5540471,71.07396023,61.41786358,62.22852282
CAN,Interest payments (% of revenue),18.21401424,16.02369787,14.80248493,13.48823849,12.27662197,11.69354984,10.78758273,10.46093662,9.957371251,10.02012529,9.587826416,8.769526425,8.436848842,7.424005088,6.684858285,6.213119679,5.725803113,5.935678358,6.089503247,5.504543867,5.2193767,6.140760071,7.439370068
CAN,Interest payments (% of expense),19.69237091,17.3059793,15.69754597,14.65929539,12.81351009,12.76488039,11.93206659,10.82563816,9.35084486,8.894200528,9.116602195,8.539713385,8.397000588,7.705896016,7.012501288,6.360173795,5.871677448,6.2862578,6.164908436,3.677591313,4.40351117,6.046187166,7.612629433
CAN,Control of Corruption: Estimate,..,1.982231498,1.931292057,1.805866241,1.86970067,1.952794552,1.99088037,1.987721443,2.051796675,2.061873198,1.971133471,1.918904424,1.879377961,1.832192659,1.845650196,1.944465518,1.881446004,1.79020822,1.729896784,1.56571281,1.616268754,1.658573031,1.67150104
CAN,Refugee population by country or territory of asylum,129227,129935,133088,141402,147164,151832,175728,173642,169424,165544,164879,163751,160347,149164,135890,97322,104768,114101,101757,109214,130125,140621,169448
CAN,"Intentional homicides (per 100,000 people)",1.786937535,1.858095284,1.736273085,1.95853125,2.061093032,1.868936695,1.816662621,1.848365373,1.815804927,1.640000103,1.774292977,1.582502948,1.451644095,1.482857825,1.709945834,1.705731802,1.819209056,1.787486053,1.836227459,2.003235529,2.065259474,..,..
CAN,Real interest rate (%),4.17315132,2.914163587,1.392510078,0.715785247,1.260735591,3.161082058,2.714042801,0.704688624,4.833121719,-0.237699891,-0.236773176,1.760110339,1.237716691,1.038638973,3.67453345,1.968905239,0.125752237,..,..,..,..,..,..
CAN,Exports of goods and services (current US$),3.10668E+11,3.04706E+11,3.3015E+11,3.83241E+11,4.32369E+11,4.67052E+11,5.02771E+11,5.34151E+11,3.91986E+11,4.71737E+11,5.50164E+11,5.54965E+11,5.60109E+11,5.73083E+11,4.95747E+11,4.81358E+11,5.18767E+11,5.5772E+11,5.64142E+11,4.87991E+11,6.2666E+11,7.31555E+11,7.14928E+11
CAN,Imports of goods and services (current US$),2.68282E+11,2.71159E+11,2.95297E+11,3.37418E+11,3.85981E+11,4.30736E+11,4.70814E+11,5.06719E+11,4.11818E+11,5.02035E+11,5.70643E+11,5.89511E+11,5.89049E+11,5.89434E+11,5.34115E+11,5.17396E+11,5.54923E+11,5.91348E+11,5.89707E+11,5.24573E+11,6.26488E+11,7.28719E+11,7.24652E+11
CAN,GDP growth (annual %),1.875098132,2.99925535,1.806385135,3.092363835,3.210454357,2.6379438,2.049904611,0.99540631,-2.915086239,3.090806374,3.13719439,1.755661325,2.325813574,2.873466772,0.649970994,1.038550935,3.033834903,2.742963431,1.908431925,-5.038233441,5.286956891,3.819866339,1.248927304
CAN,Military expenditure (current USD),8375571425,8495399281,9958245602,11336489831,12988132964,14809892803,17417139931,19342058405,18936226052,19315688825,21393720864,20452107111,18515731210,17853640478,17937641895,17782775543,22269696323,22729327580,22394875659,23082774049,25362240829,26896315905,..
